Sigla,Nome do evento,Sociedade
Programming,"International Conference on the Art, Science, and Engineering of Programming",
3DOR,Eurographics Workshop on 3D Object Retrieval,
3DUI,IEEE Symposium on 3D User Interfaces,
3DV,International Conference on 3D Vision,
3ICT,"International Conference on Innovation and Intelligence for Informatics, Computing, and Technologies",
5GWF,IEEE 5G World Forum,
A-TEST,"International Workshop on Automating Test Case Design, Selection and Evaluation",
AAAI,AAAI Conference on Artificial Intelligence,
AAMAS,International Conference on Autonomous Agents and Multiagent Systems,
ABZ,"International ABZ Conference ASM, Alloy, B, TLA, VDM, Z",
AC-IADIS,IADIS International Conference on Applied Computing,
ACC,American Control Conference,
ACCV,Asian Conference on Computer Vision,
ACE,International Conference on Advances in Computer Entertainment Technology,
ACHI-IARIA,IARIA International Conference on Advances in Computer-Human Interactions,
ACII,International Conference on Affective Computing and Intelligent Interaction,
ACIRS,Asia-Pacific Conference on Intelligent Robot Systems,
ACISP,Australasian Conference on Information Security and Privacy,
ACIVS,Advanced Concepts for Intelligent Vision Systems,
ACL,Annual Meeting of the Association for Computational Linguistics,
ACM CC,Creativity & Cognition,
ACM CHI PLAY,Annual Symposium on Computer-Human Interaction in Play,
ACM IMX,ACM International Conference on Interactive Media Experiences,
ACMIDC,ACM Internacional Conference on Interaction Design and Children,
ACMMM,ACM International Conference on Multimedia,
ACMSOCC,ACM Symposium on Cloud Computing,
ACNS,Applied Cryptography and Network Security,
ACRA,Australasian Conference on Robotics and Automation,
ACSAC,Computer Security Applications Conference,
ADBIS,East European Conference on Advances in Databases and Information Systems,
ADHOC-NOW,International Conference on Ad-Hoc Networks and Wireless,
ADMS,International Workshop on Accelerating Analytics and Data Management Systems Using Modern Processor and Storage Architectures,
ADVANCE,International Workshop on Advances in ICT Infrastructures and Services,
AES,International Convention of the Audio Engineering Society,
AES-ICSA,AES International Conference on Semantic Audio,
AFRICACRYPT,International Conference on Cryptology in Africa,
AGILEGIS,Conference on Geographic Information Science,
AH,Augmented Human International Conference,
AHS,NASA/ESA Conference on Adaptive Hardware and Systems,
AI,Canadian Conference on Artificial Intelligence,
AIC,International Workshop on Artificial Intelligence and Cognition,
AICCSA,ACS/IEEE International Conference on Computer Systems and Applications,
AICT,International Conference on Application of Information and Communication Technologies,
AICT-IARIA,IARIA Advanced International Conference on Telecommunications,
AIED,International Conference on Artificial Intelligence in Education,
AIES,"AAAI/ACM Conference on AI, Ethics, and Society",
AIIDE,AAAI Conference on Artificial Intelligence and Interactive Digital Entertainment,
AIM,IEEE/ASME International Conference on Advanced Intelligent Mechatronics,
AIME,Conference on Artificial Intelligence in Medicine,
AIML,Advances in Modal Logic,
AIMS,"International Conference on Autonomous Infrastructure, Management and Security",
AINA,IEEE International Conference on Advanced Information Networking and Applications,
AINAW,IEEE International Conference on Advanced Information Networking and Applications Workshops,
AIPR,Applied Imagery Pattern Recognition Workshop,
AISTATS,International Conference on Artificial Intelligence and Statistics,
AITest,IEEE International Conference On Artificial Intelligence Testing,
AITM,Conference on Advanced Information Technologies for Management,
AlCoB,International Conference on Algorithms for Computational Biology,
ALENEX,SIAM Symposium on Algorithm Engineering and Experiments,
ALIO/EURO,Joint ALIO/EURO International Conference on Applied Combinatorial Optimization,
ALLERTON,"Allerton Conference on Communication, Control, and Computing",
AMCIS,Americas Conference on Information Systems,
AMD,Workshop on Analysis of Movement Data,
AMIA,Annual Symposium of the American Medical Informatics Association,
AMW,Alberto Mendelzon International Workshop on Foundations of Data Management,
ANCS,ACM/IEEE Symposium on Architectures for Networking and Communications Systems,
ANPPOM,Congresso da Associação Nacional de Pesquisa e Pós-Graduação em Música,
ANSS,Annual Simulation Symposium,
ANT,"International Conference on Ambient Systems, Networks and Technologies",
ANTS,IEEE International Conference on Advanced Networks and Telecommuncations Systems,
APCCAS,IEEE Asia Pacific Conference on Circuits and Systems,
APKC,ACM on ASIA Public-Key Cryptography Workshop,
APLAS,Asian Symposium on Programming Languages and Systems,
APNOMS,Asia-Pacific Network Operations and Management Symposium,
APPROX-RANDOM,International Conference on Approximation Algorithms for Combinatorial Optimization Problems,
APWEB,Asia-Pacific Web Conference,
ARC,International Symposium on Applied Reconfigurable Computing,
ARCS,International Conference on Architecture of Computing Systems,
ARES,"International Conference on Availability, Reliability and Security",
ARIC,International Workshop on Intelligent and Resilient Cities,
ARM,Workshop on Adaptive and Reflective Middleware,
ARSO,IEEE Workshop on Advanced Robotics and its Social Impacts,
ASAP,"IEEE International Conference on Application-specific Systems, Architectures and Processors",
ASE,IEEE/ACM International Conference on Automated Software Engineering,
ASIACCS,"ACM ASIA Symposium on Information, Computer and Communications Security",
ASIACRYPT,Annual International Conference on the Theory and Applications of Cryptology and Information Security,
ASID,"International Conference on Anti-counterfeiting, Security, and Identification in Communication",
ASMS,Advanced Satellite Multimedia Systems Conference,
ASONAM,IEEE/ACM International Conference on Advances in Social Networks Analysis and Mining,
ASP-DAC,Asia and South Pacific Design Automation Conference,
ASPLOS,International Conference on Architectural Support for Programming Languages and Operating Systems,
ASPRS,Annual Conference and International Lidar Mapping Forum,
ASSETS,International ACM SIGACCESS Conference on Computers and Accessibility,
AST,IEEE/ACM International Workshop on Automation of Software Testing,
ASWEC,Australasian Software Engineering Conference,
ASYNC,IEEE International Symposium on Asynchronous Circuits and Systems,
ATC,USENIX Annual Technical Conference,
Atech,International Conference on Agreement Technologies,
ATS,Asian Test Symposium,
ATT,International Workshop on Agents in Traffic and Transportation,
AUDIOMOSTLY,Audio Mostly Conference,
AusDM,Australasian Data Mining Conference,
AVI,International Working Conference on Advanced Visual Interfaces,
AVSS,IEEE International Conference on Advanced Video and Signal Based Surveillance,
BCB,"ACM International Conference on Bioinformatics, Computational Biology, and Health Informatics",
BCS-HCI,Conference of the British Computer Society Human Computer Interaction Specialist Group,
BDCAT,"IEEE/ACM International Conference on Big Data Computing, Applications and Technologies",
BDCLOUD,International Conference on Big Data and Cloud Computing,
BENCH,"International Symposium on Benchmarking, Measuring and Optimization",
BESC,"International Conference on Behavior, Economic and Social Computing",
BIATA,Bioinformatics: from Algorithms to Applications,
BIBE,IEEE International Conference on BioInformatics and BioEngineering,
BIBM,IEEE International Conference on Bioinformatics and Biomedicine,
BICT,EAI International Conference on Bio-inspired Information an Communications Technologies,
BIGDATA,IEEE International Conference on Big Data,
BigDataSE,IEEE International Conference On Big Data Science And Engineering,
BIGDATASERVICE,IEEE International Conference on Big Data Computing Service and Applications,
BIGDSE,IEEE/ACM International Workshop on Big Data Software Engineering,
BigSpatial,ACM SIGSPATIAL International Workshop on Analytics for Big Geospatial Data,
BioCOMP-WC,International Conference on Bioinformatics & Computational Biology,
BioRob,IEEE RAS & EMBS International Conference on Biomedical Robotics and Biomechatronics,
BIOSENSORS,World Congress on Biosensors,
BIS,International Conference on Business Information Systems,
BLACKSEACOM,IEEE International Black Sea Conference on Communications and Networking,
BLOCKCHAIN,IEEE International Conference on Blockchain,
BMEI,International Conference BioMedical Engineering and Informatics,
BMVC,British Machine Vision Conference,
BPM,International Conference on Business Process Management,
BPMS2,Workshop on Social and Human Aspects of Business Process Management,
BRACIS,Brazilian Conference on Intelligent Systems,
BRAHUR,Brazilian Humanoid Robot Workshop,
BRAINS,"Blockchain, Robotics and AI for Networking Security Conference",
BRASERO,Brazilian Workshop on Service Robotics,
BRASNAM,Brazilian Workshop on Social Network Analysis and Mining,
BRESCI,Brazilian e-Science Workshop,
BSB,Brazilian Symposium on Bioinformatics,
BSN,IEEE-EMBS International Conference on Wearable and Implantable Body Sensor Networks,
BTAS,"IEEE International Conference on Biometrics: Theory, Applications, and Systems",
C&T,International Conference on Communities and Technologies,
C4BIE,"International Workshop on Cloud for Business, Industry and Enterprises",
CAD,International CAD Conference,
CADE,International Conference on Automated Deduction,
CAIP,International Conference on Computer Analysis of Images and Patterns,
CAISE,International Conference on Advanced Information Systems Engineering,
CALDAM,International Conference on Algorithms and Discrete Applied Mathematics,
CAMAD,IEEE International Workshop on Computer Aided Modeling and Design of Communication Links and Networks,
CANDAR,International Symposium on Computing and Networking,
CANS,International Conference on Cryptology and Network Security,
CAPSI,Conferência da Associação Portuguesa de Sistemas de Informação,
CARLA,Latin America High Performance Computing Conference,
CASA,Conference on Computer Animation and Social Agents,
CASCON,Annual International Conference on Computer Science and Software Engineering,
CASE,IEEE Conference on Automation Science and Engineering,
CASES,"International Conference on Compilers, Architecture, and Synthesis for Embedded Systems",
CATA,International Conference on Computers and their Applications,
CATE,Computers and Advanced Technology in Education,
CAV,International Conference on Computer Aided Verification,
CBA,Congresso Brasileiro de Automática,
CBEB,Congresso Brasileiro de Engenharia Biomédica,
CBI,IEEE Conference on Business Informatics,
CBIC,Congresso Brasileiro de Inteligência Computacional,
CBIS,Congresso Brasileiro de Informática em Saúde,
CBMI,International Workshop on Content-Based Multimedia Indexing,
CBMS,International Symposium on Computer-Based Medical Systems,
CBS,IEEE International Conference on Cyborg and Bionic Systems,
CBSF,Congresso Brasileiro de Sistemas Fuzzy,
CBSoft,Brazilian Conference on Software: Theory and Practice,
CBTMS,Congresso Brasileiro de Telemedicina e Telesaúde,
CC,International Conference on Compiler Construction,
CCC,IEEE Conference on Computational Complexity,
CCCG,Canadian Conference on Computational Geometry,
CCECE,Canadian Conference on Electrical and Computer Engineering,
CCGRID,"IEEE/ACM International Symposium on Cluster, Cloud and Grid Computing",
CCNC,Annual IEEE Consumer Communications & Networking Conference,
CCS,ACM Symposium on Computer and Communications Security,
CCSI,Workshop on Core Computations on Spatial Information,
CDC,IEEE Conference on Decision and Control,
CDH,International Conference on Digital Health,
CDVE,"International Conference on Cooperative Design, Visualization, and Engineering",
CEC,IEEE Congress on Evolutionary Computation,
CECC,Central European Cybersecurity Conference,
CELDA,Cognition and Exploratory Learning in Digital Age,
CENTERIS,Conference on ENTERprise Information Systems,
CESI,International Workshop on Conducting Empirical Studies in Industry,
CF,ACM International Conference on Computing Frontiers,
CGI,Computer Graphics International Conference,
CGO,International Symposium on Code Generation and Optimization,
CHASE,International Workshop on Cooperative and Human Aspects of Software Engineering,
CHES,Conference on Cryptographic Hardware and Embedded Systems,
CHI,ACM SIGKDD Conference on Knowledge Discovery and Data Mining,
CHIIR,Conference on Human Information Interaction and Retrieval,
CHIPlay,ACM SIGCHI Annual Symposium on Computer-Human Interaction in Play,
CIAC,International Conference on Algorithms and Complexity,
CIARP,Iberoamerican Congress on Pattern Recognition,
CIBCB,IEEE Conference on Computational Intelligence in Bioinformatics and Computational Biology,
CIbSE,Conferencia Iberoamericana de Software Engineering,
CIC,International Conference on Collaboration and Internet Computing,
CICC,IEEE Custom Integrated Circuits Conference,
CICLING,International Conference on Intelligent Text Processing and Computational Linguistics,
CIDI,Congresso Internacional de Design da Informação,
CIDM,Symposium on Computational Intelligence and Data Mining,
CIDR,Biennial Conference on Innovative Data Systems Research,
CIG,IEEE Conference on Computational Intelligence and Games,
CIKM,ACM International Conference on Information and Knowledge Management,
CILAMCE,Iberian Latin American Congress on Computational Methods,
CISCI,"Conferencia Iberoamericana en Sistemas, Cibernética e Informática",
CISIS,"International Conference on Complex, Intelligent, and Software Intensive Systems",
CISTI,Iberian Conference on Information Systems and Technologies,
CIT,IEEE International Conference on Computer and Information Technology,
CITS,"International Conference on Computer, Information, and Telecommunication Systems",
CL,Corpus Linguistics Conference,
CLAIO,Latin-Ibero-American Conference on Operations Research,
CLEF,Conference and Labs of the Evaluation Forum,
CLEI,Conferencia Latinoamericana de Informática,
CLIHC,Latin American Conference on Human Computer Interaction,
CLOSER,International Conference on Cloud Computing and Services Science,
CLOUD,IEEE International Conference on Cloud Computing,
CloudCom,IEEE International Conference on Cloud Computing Technology and Science,
CLOUDCOMPUTING-IARIA,"IARIA International Conference on Cloud Computing, GRIDs, and Virtualization",
CLOUDDB,IEEE International workshop on Cloud data management,
CloudNet,IEEE International Conference on Cloud Networking,
CLOUDTECH,International Conference on Cloud Computing Technologies and Applications,
CLUSTER,IEEE International Conference on Cluster Computing,
CMMR,International Symposium on Computer Music Multidisciplinary Research,
CMN,Congress on Numerical Methods in Engineering,
CNMAC,Congresso Nacional de Matemática Aplicada e Computacional,SBMAC
CNS,IEEE Conference on Communications and Network Security,
CNSM,International Conference on Network and Service Management,
CoARCH,Workshop On Computing Techniques For Spatio-Temporal Data in Archaeology And Cultural Heritage,
COCOA,International Conference on Combinatorial Optimization and Applications,
COCOON,International Computing and Combinatorics Conference,
CODASPY,ACM Conference on Data and Application Security and Privacy,
CODES+ISS,IEEE/ACM/IFIP International Conference on Hardware/Software Codesign and System Synthesis,
COG,IEEE Conference on Games,
COGNISE,International Workshop on Cognitive Aspects of Information Systems Engineering,
COGSCI,Annual Meeting of the Cognitive Science Society,
CogSIMA,IEEE International Multi-Disciplinary Conference on Cognitive Methods in Situation Awareness and Decision Support,
ColCACI,IEEE Colombian Conference on Applications in Computational Intelligence,
COLING,International Conference on Computational Linguistics,
CollaborateCom,"International Conference on Collaborative Computing: Networking, Applications and Worksharing",
CollabTech,International Conference on Collaboration Technologies and Social Computing,
COLT,Conference on Learning Theory,
CoMeSySo,Computational Methods in Systems and Software,
COMMA,International Conference on Computational Models of Argument,
COMPSAC,IEEE Computer Software and Applications Conference,
COMSNETS,International Conference on Communication Systems & NetworkS,
COMSOC,International Workshop on Computational Social Choice,
CONCUR,International Conference on Concurrency Theory,
CONEXT,Conference on Emerging Network Experiment and Technology,
CONFIRM,International Conference on Information Resources Management,
CONISOFT,International Conference in Software Engineering Research and Innovation,
CoNLL,Conference on Natural Language Learning,
CONTECSI,International Conference on Information Systems and Technology Management,
CONTEXT-BPM,International Workshop on Context for Business Process Management,
CONTROLO,APCA International Conference on Automatic Control and Soft Computing,
CoopIS,International Conference on Cooperative Information Systems,
CoRL,Conference on Robot Learning,
COSIT,International Conference on Spatial Information Theory,
COSN,Conference on Online Social Networks,
COURB,Workshop of Urban Computing,
CP,International Conference on Principles and Practice of Constraint Programming,
CPM,Annual Symposium on Combinatorial Pattern Matching,
CPP,International Conference on Certified Programs and Proofs,
CRIWG,International Workshop on Groupware,
CrownCom,International Conference on Cognitive Radio Oriented Wireless Networks,
CRV,Canadian Conference on Computer and Robot Vision,
CRYPTO,International Cryptology Conference,
CSBC,Congresso da Sociedade Brasileira de Computação,
CSBIO,International Conference on Computational Systems-Biology and Bioinformatics,
CSCL,International Conference on Computer Supported Collaborative Learning,
CSCN,IEEE Conference on Standards for Communications and Networking,
CSCW,ACM Conference on Computer Supported Cooperative Work & Social Computing,
CSCWD,IEEE International Conference on Computer Supported Cooperative Work in Design,
CSDS,Conference of the System Dynamics Society,
CSE,International Conference on Computational Science and Engineering,
CSEDU,International Conference on Computer Supported Education,
CSEE&T,Conference on Software Engineering Education and Training,
CSF,IEEE Computer Security Foundations Symposium,
CSI-SE,International Workshop on Crowdsourcing in Software Engineering,
CSL,Conference for Computer Science Logic,
CSMC,Conference on Computer Simulation of Musical Creativity,
CSNDSP,"International Symposium on Communication Systems, Networks and Digital Signal Processing",
CSNet,Cyber Security in Networking Conference,
CSOUND,International CSound Conference,
CTE,International Conference on Computational Thinking Education,
CTS,International Conference on Collaboration and Technology,
CVPR,IEEE Conference on Computer Vision and Pattern Recognition,
CVPRW,IEEE Conference on Computer Vision and Pattern Recognition Workshops,
CyberSA,"International Conference on Cyber Situational Awareness, Data Analytics and Assessment",
CyberSecurity,International Conference on Cyber Security And Protection Of Digital Services,
DAC,Design Automation Conference,
DAFX,International Conference on Digital Audio Effects,
DAMON,International Workshop on Data Management on New Hardware,
DARS,International Symposium on Distributed Autonomous Robotic Systems,
DASC,"IEEE International Conference on Dependable, Autonomic & Secure Computing",
DASFAA,International Conference on Database Systems for Advanced Applications,
DASIP,Conference on Design and Architectures for Signal and Image Processing,
DATA,"International Conference on Data Science, Technology and Applications",
DATAANALYTICS-IARIA,IARIA International Conference on Data Analytics,
DATE,"Design, Automation and Test in Europe Conference and Exhibition",
DAWAK,International Conference on Big Data Analytics and Knowledge Discovery,
DBKD-AIARIA,"IARIA International Conference on Advances in Databases, Knowledge, and Data Applications",
DBSec,IFIP WG 11.3 Conference on Data and Applications Security and Privacy,
DCAI,International Symposium on Distributed Computing and Artificial Intelligence,
DCASE,Workshop on Detection and Classification of Acoustic Scenes and Events,
DCC,Data Compression Conference,
DCOSS,International Conference on Distributed Computing in Sensor Systems,
DDECS,IEEE International Symposium on Design and Diagnostics of Electronic Circuits and Systems,
DEBS,International Conference on Distributed and Event-Based Systems,
DEPCOS,International Conference on Dependability and Complex Systems,
DESAFIE,Workshop de Desafios da Computação Aplicada à Educação,
DEXA,International Conference on Database and Expert Systems Applications,
DFT,IEEE International Symposium on Defect and Fault Tolerance in VLSI Systems,
DGCI,Discrete Geometry for Computer Imagery,
DGO,Annual International Conference on Digital Government Research,
DH,Digital Heritage,
DIGRA,Digital Games Research Association International Conference,
DILS,International Conference on Data Integration in Life Sciences,
DIMVA,"International Conference on Detection of Intrusions and Malware, and Vulnerability Assessment",
DIS,Conference on Designing Interactive Systems,
DISC,International Symposium on Distributed Computing,
DIVANET,ACM Symposium on Development and Analysis of Intelligent Vehicular Networks and Applications,
DL,International Workshop on Description Logics,
DLS,Dynamic Languages Symposium,
DMA,International Conference on Data Mining and Applications,
DMSVIVA,International DMS Conference on Visualization and Visual Languages,
DOCENG,ACM Symposium on Document Engineering,
DOLAP,International Workshop On Data Warehousing and OLAP,
DPM,International Workshop on Data Privacy Management,
DRCN,International Conference on the Design of Reliable Communication Networks,
DS,International Conference on Discovery Science,
DS-RT,IEEE/ACM International Symposium on Distributed Simulation and Real-Time Applications,
DSAA,IEEE International Conference on Data Science and Advanced Analytics,
DSAI,International Conference on Software Development for Enhancing Accessibility and Fighting Info-exclusion,
DSC,IEEE Conference on Dependable and Secure Computing,
DSD,"Euromicro Conference on Digital System Design, Architectures, Methods and Tools",
DSN,Annual IEEE/IFIP International Conference on Dependable Systems and Networks,
DSNW,IEEE International Conference on Dependable Systems and Networks Workshops,
DSP,International Conference on Digital Signal Processing,
DTIS,Design & Technology of Integrated Systems in Nanoscale Era,
DySPAN,IEEE Symposium on New Frontiers in Dynamic Spectrum Access Networks,
EACL,Conference of the European Chapter of the Association for Computational Linguistics,
EASE,International Conference on Evaluation and Assessment in Software Engineering,
EATIS,Euro American Conference on Telematics and Information Systems,
EC,ACM conference on Economics and Computation,
EC-TEL,European Conference on Technology Enhanced Learning,
ECAI,European Conference on Artificial Intelligence,
ECASE,IEEE/ACM International Workshop on Establishing the Community-Wide Infrastructure for Architecture-Based Software Engineering,
ECC,European Control Conference,
ECCTD,European Conference on Circuit Theory and Design,
ECCV,European Conference on Computer Vision,
ECIR,European Conference on Information Retrieval,
ECIS,European Conference on Information Systems,
ECML,European Conference on Machine Learning and Principles and Practice of Knowledge Discovery in Databases,
ECMR,European Conference on Mobile Robots,
ECMS,European Conference on Modelling and Simulation,
ECOOP,European Conference on Object-Oriented Programming,
ECRTS,Euromicro Conference on Real-Time Systems,
ECSA,European Conference on Software Architecture,
ECSCW,European Conference on Computer Supported Cooperative Work,
ECSQARU,European Conference on Symbolic and Quantitative Approaches to Reasoning and Uncertainty,
EDBT,International Conference on Extending Database Technology,
EDCC,European Dependable Computing Conference,
EDGE,International Conference on Edge Computing,
EDM,International Conference on Educational Data Mining,
EDOC,IEEE International Enterprise Distributed Object Computing Conference,
EDUCOMP,Simpósio Brasileiro de Educação em Computação,
EDUCON,IEEE Global Engineering Education Conference,
EECS,European Conference on Electrical Engineering and Computer Science,
EEEWC,"International Conference on e-Learning, e-Business, Enterprise Information Systems, and e-Government",
EGOV,International Conference on Electronic Government,
EGOV-CEDEM-EPART,International Conference on Electronic Government/International Conference for E-Democracy and Open Government,
EGOVIS,International Conference on Electronic Government and the Information Systems Perspective,
EICS,ACM SIGCHI Symposium on Engineering Interactive Computing Systems,
EIT,International Conference on Electro Information Technology,
EJC,International Conference on Information Modeling and Knowledge,
EM-GIS,International Workshop on the Use of GIS in Emergency Management,
EMAS,International Workshop on Engineering Multiagent Systems,
EMBC,Annual International Conference of the IEEE Engineering in Medicine and Biology Society,
EMBS,IEEE-EMBS International Conference on Biomedical and Health Informatics,
EMNLP,Conference on Empirical Methods in Natural Language Processing,
EMO,International Conference on Evolutionary Multi-Criterion Optimization,
EMSOFT,ACM International Conference on Embedded Software,
ENANPAD,Encontro Nacional da Associação Nacional de Pós-Graduação e Pesquisa em Administração,
ENASE,International Conference on Evaluation of Novel Approaches to Software Engineering,
ENCP,ACM CoNEXT Workshop on Emerging in-Network Computing Paradigms,
ENIAC,Encontro Nacional de Inteligencia Artificial e Computacional,
EPIA,Portuguese Conference on Artificial Intelligence,
ER,International Conference on Conceptual Modeling,
Ergodesign,Congresso Internacional de Ergonomia e Usabilidade de Interfaces Humano Tecnológica,
ESA,European Symposium on Algorithms,
ESANN,"European Symposium on Artificial Neural Networks, Computational Intelligence and Machine Learning",
ESCIENCE,IEEE International Conference on e-Science,
ESELAW,Workshop Latinoamericano de Ingeniería de Software Experimental,
ESEM,ACM/IEEE International Symposium on Empirical Software Engineering and Measurement,
ESOCC,European Conference on Service-Oriented and Cloud Computing,
ESOP,European Symposium on Programming,
ESORICS,European Symposium on Research in Computer Security,
ESSCIRC,European Solid State Circuits Conference,
ESSDERC,European Solid State Device Research Conference,
ESWC,Extended Semantic Web Conference,
ESWS,European Semantic Web Conference,
ETC,Encontro de Teoria da Computação,
ETFA,IEEE International Conference on Emerging Technologies and Factory Automation,
ETRA,ACM Symposium on Eye Tracking Research & Applications,
ETS,IEEE European Test Symposium,
EUC,IEEE/IFIP International Conferences on Embedded and Ubiquitous Computing,
EuCNC,European Conference on Networks and Communications,
EUMAS,European Conference on Multi-Agent Systems,
EURO,European Conference on Operational Research,
EUROCOMB,"European Conference on Combinatorics, Graph Theory and Applications",
EUROCRYPT,International Conference on Theory and Applications of Cryptographic Techniques,
EUROGRAPHICS,European Association for Computer Graphics,
EUROHAPTICS,Eurohaptics,
EuroMPI,European MPI Users Group Meeting,
EUROPAR,European Conference on Parallel Computing,
EuroPloP,European Conference on Pattern Languages of Programs,
EuroSPI,European Conference on Software Process Improvement,
EUROSYS,European Conference on Computer Systems,
EuroVis,EG/VGTC Conference on Visualization,
EUSFLAT,Conference of the European Society for Fuzzy Logic and Technology,
EUSIPCO,European Signal Processing Conference,
EVOAPPLICATIONS,European Conference on the Applications of Evolutionary Computation,
EVOCOP,European Conference on Evolutionary Computation in Combinatorial Optimization,
EWC,Embedded Word Conference,
EWSDN,European Workshop on Software Defined Networks,
EWSN,European Conference on Wireless Sensor Networks,
EXP.AT,Experiment@ International Conference,
FACS,International Conference on Formal Aspects of Component Software,
FASE,International Conference on Fundamental Approaches to Software Engineering,
FAST,USENIX Conference on File and Storage Technologies,
FC,International Conference on Financial Cryptography and Data Security,
FCCM,IEEE Annual International Symposium on Field-Programmable Custom Computing Machines,
FCT,International Symposium on Fundamentals of Computation Theory,
FCTA,International Conference on Fuzzy Computation Theory and Applications,
FDG,Foundations of Digital Games,
FDL,Forum on Specification and Design Languages,
FECS,International Conference on Frontiers in Education: Computer Science and Computer Engineering,
FEDCSIS,Federated Conference on Computer Science and Information Systems,
FGR,IEEE International Conference on Automatic Face and Gesture Recognition,
FiCloud,International Conference on Future Internet of Things and Cloud,
FIE,IEEE Frontiers in Education Conference,
FIT,International Conference on Forntiers of Information Technology,
FLAIRS,International Florida Artificial Intelligence Conference,
FLOPS,International Symposium on Functional and Logic Programming,
FM,International Symposium on Formal Methods,
FMCAD,International Conference on Formal Methods in Computer-Aided Design,
FOCS,IEEE Annual Symposium on Foundations of Computer Science,
FOIS,International Conference on Formal Ontology in Information Systems,
FormaliSE,International Conference on Formal Methods in Software Engineering,
FOSD,International Workshop on Feature-Oriented Software Development,
FoSSaCS,International Conference on Foundations of Software Science and Computation Structures,
FPGA,Symposium on Field Programmable Gate Arrays,
FPL,International Conference on Field-Programmable Logic and Applications,
FPT,IEEE International Conference on Field-Programmable Technology,
FROCOS,International Symposium on Frontiers of Combining Systems,
FSCD,International Conference on Formal Structures for Computation and Deduction,
FSE,Fast Software Encryption,
FSE/ESEC,Joint Meeting on European Software Engineering Conference and Foundations of Software Engineering,
FSEN,International Conference on Fundamentals of Software Engineering,
FSR,Conference on Field and Service Robotics,
FTC,Future Technologies Conference,
FUN,International Conference on Fun with Algorithms,
FUSION,International Conference on Information Fusion,
FUZZ,IEEE International Conference on Fuzzy Systems,
GameSec,Conference on Decision and Game Theory for Security,
GAS,International Workshop on Games and Software Engineering,
GbRPR,International Workshop on Graph-Based Representations in Pattern Recognition,
GECCO,Genetic and Evolutionary Computation Conference,
GECON,"International Conference on Economics of Grids, Clouds, Systems and Services",
GEFI,Global Experimentation for Future Internet,
GEM,"IEEE Games, Entertainment, Media Conference",
GeoAI,International Workshop on AI for Geographic Knowledge Discovery,
GEOBIA,Geographic Object-based Image Analysis,
GEOINFO,Brazilian Symposium on GeoInformatics,
GeoPROCESSING-IARIA,"IARIA International Conference on Advanced Geographic Information Systems, Applications, and Services",
GeoSim,International Workshop on Geospatial Simulation,
GI,Graphics Interface Conference,
GIIS,Global Information Infrastructure and Networking Symposium,
GIR,Workshop on Geographic Information Retrieval,
GIScience,International Conference on Geographic Information Science,
GLOBALSIP,Global Conference on Signal and Information Processing,
GLOBECOM,IEEE Global Communications Conference,
GLSVLSI,Great Lakes Symposium on VLSI,
GPC,International Conference on Grid And Pervasive Computing,
GPCE,ACM International Conference on Generative Programming: Concepts and Experiences,
GRAPP,International Conference on Computer Graphics Theory and Applications,
GreenCom,IEEE International Conference on Green Computing and Communications,
GROUP,International Conference on Supporting Group Work,
GVIZ,Workshop on New Directions in Geovisual Analytics,
GWN,International Global Wordnet Conference,
HAIS,International Conference on Hybrid Artificial Intelligence Systems,
HAPTICS,IEEE Haptics Symposium,
HASE,IEEE International Symposium on High Assurance Systems Engineering,
HCOMP,AAAI Conference on Human Computation and Crowdsourcing,
HCSE,International Conference on Human-Centered Software Engineering,
HEALTHCOM,"IEEE International Conference on E-health Networking, Application & Services",
HEALTHINF,International Conference on Health Informatics,
HEALTHINFO,"International Conference on Informatics and Assistive Technologies for Health-Care, Medical Support and Wellbeing",
HICSS,Hawaii International Conference on System Sciences,
HILDA,Workshop on Human-In-the-Loop Data Analytics,
HIMS,International Conference on Health Informatics and Medical Systems,
HIPC,IEEE International Conference on High Performance Computing,
HIS,International Conference on Hybrid Intelligent Systems,
HM,International Workshop on Hybrid Metaheuristics,
HOST,IEEE International Symposium on Hardware Oriented Security and Trust,
HOTNETS,ACM Workshop on Hot Topics in Networks,
HPCA,IEEE International Symposium on High Performance Computer Architecture,
HPCC,International Conference on High Performance Computing and Communications,
HPCS,International Conference on High Performance Computing & Simulation,
HPDC,International Symposium on High Performance Distributed Computing,
HPSR,IEEE High Performance Switching and Routing,
HRI,ACM/IEEE International Conference on Human Robot Interaction,
HS,Haskell Symposium,
HSCC,International Conference on Hybrid Systems: Computation and Control,
HT,ACM Conference on Hypertext and Social Media,
Humanoids,IEEE RAS International Conference on Humanoid Robot,
Hypertext,ACM Conference on Hypertext and Hypermedia,
i-SAIRAS,"International Symposium on Artificial Intelligence, Robotics and Automation in Space",
I/ITSEC,"Interservice/Industry Training, Simulation & Education Conference",
I2MTC,IEEE International Instrumentation and Measurement Technology Conference,
I3D,ACM SIGGRAPH Symposium on Interactive 3D Graphics and Games,
IAAI,International Conference of the Italian Association for Artificial Intelligence,
IAS,Industry Applications Society Annual Meeting,
IAV,IFAC Symposium on Intelligent Autonomous Vehicles,
IBERAMIA,Ibero-American Conference on Artificial Intelligence,
IBERCHIP,Workshop Iberchip,
IC2E,IEEE International Conference on Cloud Engineering,
IC3K,"International Joint Conference on Knowledge Discovery, Knowledge Engineering and Knowledge Management",
ICA3PP,International Conference on Algorithms and Architectures for Parallel Processing,
ICAART,International Conference on Agents and Artificial Intelligence,
ICAI,International Conference on Applied Informatics,
ICAISC,International Conference on Artificial Intelligence and Soft Computing,
ICAIWC,International Conference on Artificial Intelligence,
ICALP,"International Colloquium on Automata, Languages, and Programming",
ICALT,IEEE International Conference on Advanced Learning Technologies,
ICANN,International Conference on Artificial Neural Networks,
ICAPS,International Conference on Automated Planning and Scheduling,
ICAR,International Conference on Advanced Robotics,
ICARA,"International Conference on Automation, Robotics and Applications",
ICARM,International Conference on Advanced Robotics and Mechatronics,
ICAROB,International Conference on Artificial Life and Robotics,
ICARSC,IEEE International Conference on Autonomous Robot Systems and Competitions,
ICARV,"International Conference on Control, Automation, Robotics and Vision",
ICAS-IARIA,IARIA International Conference on Autonomic and Autonomous Systems,
ICASSP,"IEEE International Conference on Acoustics, Speech and Signal Processing",
ICB,International Conference on Biometrics,
ICBC,IEEE International Conference on Blockchain and Cryptocurrency,
ICBIP,International Conference on Biomedical Signal and Image Processing,
ICBK,International Conference on Big Knowledge,
ICBL,International Conference on Interactive Collaborative and Blended Learning,
ICC,IEEE International Conference on Communications,
ICCA,IEEE International Conference on Control and Automation,
ICCABS,International Conference on Computational Advances in Bio and Medical Sciences,
ICCAD,IEEE/ACM International Conference on Computer-Aided Design,
ICCAR,"International Conference on Control, Automation and Robotics",
ICCC,International Conference on Computational Creativity,
ICCCBE,International Conference on Computing in Civil and Building Engineering,
ICCCN,International Conference on Computer Communications and Networks,
ICCD,International Conference on Computer Design,
ICCDCS,"International Caribbean Conference on Devices, Circuits and Systems",
ICCE-EDU,International Conference on Computers in Education,
iCCECE,"International Conference on Computing, Electronics & Communications Engineering",
ICCHP,International Conference on Computers Helping People with Special Needs,
ICCL2,International Conference on Computational Logistics,
ICCP,IEEE International Conference on Intelligent Computer Communication and Processing,
ICCPR,International Conference on Computing and Pattern Recognition,
ICCPS,International Conference on Cyber-Physical Systems,
ICCS,International Conference on Computational Science,
ICCSA,International Conference on Computational Science and Its Applications,
ICCSPA,"International Conference on Communications, Signal Processing, and their Applications",
ICCStr,International Conference on Conceptual Structures,
ICCTCC,"International Conference on Computability Theory, Computability and Complexity",
ICCV,IEEE International Conference on Computer Vision,
ICCVW,IEEE International Conference on Computer Vision Workshops,
ICCW,IEEE International Conference on Communications Workshops,
ICDAR,International Conference on Document Analysis and Recognition,
ICDCN,International Conference on Distributed Computing and Networking,
ICDCS,International Conference on Distributed Computing Systems,
ICDCSW,International Conference on Distributed Computing Systems Workshops,
ICDE,IEEE International Conference on Data Engineering,
ICDF,IFIP International Conference on Digital Forensics,
ICDIM,International Conference on Digital Information Management,
ICDIP,International Conference on Digital Image Processing,
ICDL-EpiRob,IEEE International Conference on Development and Learning and Epigenetic Robotics,
ICDM,IEEE International Conference on Data Mining,
ICDMW,IEEE International Conference on Data Mining Workshop,
ICDT,International Conference on Database Theory,
ICE-CCN,"International Conference on Emerging Trends in Computing, Communication and Nanotechnology",
ICEBE,IEEE International Conference on e-Business Engineering,
ICEC,IFIP International Conference on Entertainment Computing,
ICECS,"IEEE International Conference on Electronics, Circuits and Systems",
ICEDEG,International Conference on eDemocracy & eGovernment,
ICEGOV,International Conference on Theory and Practice of Eletronic Governance,
ICEIS,International Conference on Enterprise Information Systems,
ICER,International Computing Education Research,
ICERI,"International Conference of Education, Research and Innovation",
ICFCA,International Conference on Formal Concept Analysis,
ICFEM,International Conference on Formal Engineering Methods,
ICFHR,International Conference on Frontiers in Handwriting Recognition,
ICFNDS,International Conference on Future Networks and Distributed Systems,
ICFP,International Conference on Functional Programming,
ICGI,International Conference on Grammatical Inference,
ICGJ,"International Conference on Game Jams, Hackathons, and Game Creation Events",
ICGSE,IEEE International Conference on Global Software Engineering,
ICGT,International Conference on Graph Transformation,
ICHI,IEEE International Conference on Healthcare Informatics,
ICIAP,International Conference on Image Analysis and Processing,
ICIAR,International Conference on Image Analysis and Recognition,
ICIC,International Conference on Intelligent Computing,
ICICS,International Conference on Information and Communications Security,
ICICT,International Conference on Information and Computer Technologies,
ICIDS,International Conference on Interactive Digital Storytelling,
ICIIECS,"International Conference on Innovations in Information, Embedded and Communication Systems",
ICINCO,"International Conference on Informatics in Control, Automation and Robotics",
ICIOT,International Conference on the Internet of Things,
ICIP,IEEE International Conference on Image Processing,
ICIRA,International Conference on Intelligent Robotics and Applications,
ICIS,International Conference on Information Systems,
ICISC,International Conference on Information Security and Cryptology,
ICISO,International Conference on Informatics and Semiotics in Organisations,
ICISS,International Conference on Information Systems Security,
ICIST,International Conference on Information and Software Technologies,
ICIT,IEEE International Conference on Industrial Technology,
ICITS,International Conference on Information Theoretic Security,
ICITST,International Conference for Internet Technology and Secured Transactions,
ICIVC,"International Conference on Image, Vision and Computing",
ICL,International Conference on Interactive Collaborative Learning,
ICLP,International Conference on Logic Programming,
ICLR,International Conference on Learning Representations,
ICM,International Conference on Microelectronics,
ICMA,IEEE International Conference on Mechatronics and Automation,
ICMC,International Computer Music Conference,
ICMCR,"International Conference on Mechatronics, Control and Robotics",
ICME,IEEE International Conference on Multimedia and Expo,
ICMEW,IEEE International Conference on Multimedia and Expo Workshops,
ICMI,ACM International Conference on Multimodal Interfaces,
ICMIS,International Conference on Mathematics & Information Science,
ICML,International Conference on Machine Learning,
ICMLA,IEEE International Conference on Machine Learning and Applications,
ICMLC,International Conference on Machine Learning and Computing,
ICMPC,International Conference on Music Perception and Cognition,
ICMR,ACM International Conference on Multimedia Retrieval,
ICN-IARIA,IARIA International Conference on Networks,
ICNC,"International Conference on Computing, Networking and Communications",
ICNC-FSKD,"International Conference on Natural Computation, Fuzzy Systems and Knowledge Discovery",
ICNP,International Conference on Network Protocols,
ICNSC,"IEEE International Conference on Networking, Sensing and Control",
ICOIN,International Conference on Information Networking,
ICOMPWC,International Conference on Internet Computing and Internet of Things,
ICONIP,International Conference on Neural Information Processing,
ICORES,International Conference on Operations Research and Enterprise Systems,
ICORR,IEEE International Conference on Rehabilitation Robotics,
ICPADS,International Conference on Parallel and Distributed Systems,
ICPC,International Conference on Program Comprehension,
ICPE,International Conference on Performance Engineering,
ICPME,"International Conference on Philosophy, Music and Emotion",
ICPP,International Conference on Parallel Processing,
ICPR,International Conference on Pattern Recognition,
ICRA,IEEE International Conference on Robotics and Automation,
ICRAE,International Conference on Robotics and Automation Engineering,
ICRC,IEEE International Conference on Rebooting Computing,
ICRES,International Conference on Robot Ethics and Standards,
ICS,International Conference on Supercomputing,
ICSC,International Conference on Semantic Computing,
ICSE,International Conference on Software Engineering,
ICSEA-IARIA,IARIA International Conference on Software Engineering Advances,
ICSESS,International Conference on Software Engineering and Service Science,
ICSEW,International Conference on Software Engineering Workshops,
ICSI,International Conference on Swarm Intelligence,
ICSIP,IEEE International Conference on Signal and Image Processing,
ICSLE,International Conference on Smart Learning Environments,
ICSME,IEEE International Conference on Software Maintenance and Evolution,
ICSOB,International Conference on Software Business,
ICSOC,International Conference on Service Oriented Computing,
ICSOFT,International Conference on Software Technologies,
ICSPCEC,"International Conference on Signal Processing, Communication, Power and Embedded System",
ICSR,International Conference on Software Reuse,
ICST,International Conference on Sensing Technology,
ICSTV,"IEEE International Conference on Software Testing, Verification and Validation",
ICSTW,"IEEE International Conference on Software Testing, Verification and Validation Workshops",
ICT,International Conference on Telecommunications,
ICTAC,International Colloquium on Theoretical Aspects of Computing,
ICTAI,IEEE International Conference on Tools with Artificial Intelligence,
ICTC,International Conference on Information and Communication Technology Convergence,
ICTCS,Italian Conference on Theoretical Computer Science,
ICTIR,Conference on the Theory of Information Retrieval,
ICTON,International Conference on Transparent Optical Networks,
ICTSS,IFIP International Conference on Testing Software and Systems,
ICUAS,International Conference on Unmanned Aircraft Systems,
ICUMT,International Conference on Ultra Modern Telecommunications,
ICVIIP,International Conference on Visualization: Imaging and Image Processing,
ICVR,International Conference on Virtual Rehabilitation,
ICVRV,International Conference on Virtual Reality and Visualization,
ICVS,International Conference on Computer Vision Systems,
ICWE,International Conference on Web Engineering,
ICWL,International Conference on Web-Based Learning,
ICWN,International Conference on Wireless Networks,
ICWS,IEEE International Conference on Web Services,
ICWSM,International AAAI Conference on Web and Social Media,
IDC,International Symposium on Intelligent Distributed Computing,
IDCS,International Conference on Internet and Distributed Computing Systems,
IDEAS,International Database Engineering and Applications Symposium,
IEAAIE,International Conference on Industrial Engineering & Other Applications of Appled Intelligence Systems,
IECON,Annual Conference of the IEEE Industrial Electronics Society,
IEEE IST,IEEE International Conference on Imaging Systems and Techniques,
IEEE NANO,IEEE Conference on Nanotechnology,
IEEE VIS,IEEE Visualization,
IEEECloudS,IEEE Cloud Summit,
IEEEISWC,IEEE International Symposium on Wearable Computers,
IEEENANO,International Conference on Nanotechnology,
IEEESCC,IEEE International Conference on Services Computing,
IESS,IFIP International Embedded Systems Symposium,
IESTEC,"International Engineering, Sciences and Technology Conference",
IFAC,World Congress of the International Federation of Automatic Control,
IFIPIoT,IFIP International Internet of Things Conference,
IFIPISC,IFIP International Information Security Conference,
IFM,International Conference on Integrated Formal Methods,
IFSA,World Congress of International Fuzzy Systems Association,
IGSC,International Green and Sustainable Computing Conference,
IH&MMSec,ACM Workshop on Information Hiding and Multimedia Security,
IHC,Simpósio Brasileiro sobre Fatores Humanos em Sistemas Computacionais,
IHM,Conférence Francophone sur l’Interaction Homme-Machine,
IIH-MSP,International Conference on Intelligent Information Hiding and Multimedia Signal Processing,
IISA,"International Conference on Information, Intelligence, Systems and Applications",
IISWC,IEEE International Symposium on Workload Characterization,
IIWAS,International Conference on Information Integration and Web-based Applications & Services,
IJCAI,International Joint Conference on Artificial Intelligence,
IJCAR,International Joint Conference on Automated Reasoning,
IJCCI,International Joint Conference on Computational Intelligence,
IJCNLP,International Joint Conference on Natural Language Processing,
IJCNN,IEEE International Joint Conference on Neural Networks,
ILA,Interaction Latin America,
ILP,International Conference on Inductive Logic Programming,
IM,IFIP/IEEE International Symposium on Integrated Network Management,
IMBSA,International Symposium on Model-Based Safety and Assessment,
IMC,ACM Internet Measurement Conference,
IMCOM,International Conference on Ubiquitous Information Management and Communication,
IMIS,International Conference on Innovative Mobile and Internet Services in Ubiquitous Computing,
IMOC,SBMO/IEEE MTT-S International Microwave and Optoelectronics Conference,
INCOS,International Conference on Intelligent Networking and Collaborative Systems,
INDIN,IEEE International Conference on Industrial Informatics,
INDOCRYPT,International Conference on Cryptology in India,
INDUSCON,International Conference on Industry Applications,
INFOCOM,IEEE International Conference on Computer Communications,
InfoVis,IEEE Information Visualization,
INLG,International Natural Language Generation conference,
INOC,International Network Optimization Conference,
INSCIT,"International Symposium on Instrumentation Systems, Circuits and Transducers",
INTECH,International Conference on Innovative Computing Technology,
INTELLISYS,SAI Intelligent Systems Conference,
INTERACT,IFIP TC 13 International Conference on Human-Computer Interaction,
INTERSPEECH,Conference of the International Speech Communication Association,
INTESA,INTelligent Embedded Systems Architectures and Applications Workshop,
IOLTS,IEEE International On-Line Testing Symposium,
IoTAAL,Workshop on Internet of Things for Ambient Assisted Living,
IoTBDS,International Conference on Internet of Things and Big Data and Security,
IOTSMS,"International Conference on Internet of Things: Systems, Management and Security",
IPAW,International Provenance and Annotation Workshop,
IPCCC,"International Performance, Computing, and Communications Conference",
IPCO,Conference on Integer Programming and Combinatorial Optimization,
IPCVWC,"International Conference on Image Processing, Computer Vision, and Pattern Recognition",
IPDLN,International Population Data Linkage Network,
IPDPS,IEEE International Parallel & Distributed Processing Symposium,
IPDPSW,IEEE International Parallel & Distributed Processing Symposium Workshops,
IPEC,International Symposium on Parameterized and Exact Computation,
IPMU,International Conference on Information Processing and Management of Uncertainty in Knowledge-Based Systems,
IPSN,International Conference on Information Processing in Sensor Networks,
IRC,IEEE International Conference on Robotic Computing,
IRI,IEEE International Conference on Information Reuse and Integration,
IRIS,IEEE International Symposium on Robotics and Intelligent Sensors,
IROS,IEEE/RSJ International Conference on Intelligent Robots and Systems,
ISAAC,International Symposium on Algorithms and Computation,
ISADS,International Symposium on Autonomous Decentralized Systems,
ISAM,IEEE International Symposium on Assembly and Manufacturing,
ISAmI,International Symposium on Ambient Intelligence,
ISAP,International Conference on Intelligent System Applications to Power Systems,
ISAS,International Static Analysis Symposium,
ISBI,IEEE International Symposium on Biomedical Imaging,
ISBRA,International Symposium on Bioinformatics Research and Applications,
ISC,International Supercomputing Conference,
ISC2,IEEE International Smart Cities Conference,
ISCA,International Symposium on Computer Architecture,
ISCAS,IEEE International Symposium on Circuits and Systems,
ISCC,International Symposium on Computers and Communications,
ISCIS,International Symposium on Computer and Information Sciences,
ISCO,International Symposium on Combinatorial Optimization,
ISCRAM,International Conference on Information Systems for Crisis Response and Management,
ISD,International Conference on Information Systems Development,
ISDA,International Conference on Intelligent Systems Design and Applications,
ISEA,International Symposium on Electronic Arts,
ISeC,International Conference on Information Security,
ISECON,Information Systems Education Conference,
ISER,International Symposium on Experimental Robotics,
ISGT,IEEE PES Innovative Smart Grid Technologies,
ISGT-Europe,IEEE PES Innovative Smart Grid Technologies Conference Europe,
ISGT-LA,IEEE PES Innovative Smart Grid Technologies Latin America,
ISI,IEEE International Conference on Intelligence and Security Informatics,
ISIE,IEEE International Symposium on Industrial Electronics,
ISLPED,International Symposium on Low Power Electronics and Design,
ISM,IEEE International Symposium on Multimedia,
ISMAR,IEEE International Symposium on Mixed and Augmented Reality,
ISMB/ECCB,Intelligent Systems for Molecular Biology / European Conference on Computational Biology,
ISMCR,International Symposium on Measurement and Control in Robotics,
ISMEM,International Symposium on Memory Management,
ISMIR,International Society for Music Information Retrieval Conference,
ISMIS,International Symposium on Methodologies for Intelligent Systems,
ISMM,International Symposium on Mathematical Morphology,
ISMR,International Symposium on Medical Robotics,
ISMSI,"International Conference on Intelligent Systems, Metaheuristics & Swarm Intelligence",
ISMVL,IEEE International Symposium on Multiple-Valued Logic,
ISNN,International Symposium on Neural Networks,
ISOLA,"International Symposium on Leveraging Applications of Formal Methods, Verification and Validation",
ISORC,IEEE International Symposium on RealTime Distributed Computing,
ISPASS,IEEE International Symposium on Performance Analysis of Systems and Software,
ISPD,ACM International Symposium on Physical Design,
ISPDC,International Symposium on Parallel and Distributed Computing,
ISQED,International Symposium on Quality Electronic Design,
ISR,IEEE International Conference on Intelligence and Safety for Robotics,
ISRR,International Symposium on Robotics Research,
ISS,ACM International Conference on Interactive Surfaces and Spaces,
ISSA,Information Security for South Africa,
ISSCC,IEEE International Solid-State Circuits Conference,
ISSI,International Society of Scientometrics and Informetrics Conference,
ISSRE,IEEE International Symposium on Software Reliability Engineering,
ISSREW,IEEE International Symposium on Software Reliability Engineering Workshops,
ISSTA,International Symposium on Software Testing and Analysis,
ISTAR,International i*Workshop,
ISVC,International Symposium on Visual Computing,
ISVLSI,IEEE Computer Society Annual Symposium on VLSI,
ISW,Information Security Conference,
ISWC,International Semantic Web Conference,
ISWCS,International Symposium on Wireless Communication Systems,
ITC,International Test Conference,
ITCS,Conference on Innovations in Theoretical Computer Science,
ITDRR,Information Technology in Disaster Risk Reduction,
ITHET,International Conference on Information Technology Based Higher Education and Training,
ITICSE,Conference on Innovation and Technology in Computer Science Education,
ITNG,International Conference on Information Technology : New Generations,
ITP,International Conference on Interactive Theorem Proving,
ITS,International Conference on Intelligent Tutoring Systems,
ITSC,IEEE International Conference on Intelligent Transportation Systems,
ITSS,Interactive Tabletops and Surfaces,
IUI,International Conference on Intelligent User Interfaces,
IV,International Conference on Information Visualization,
IVA,International Conference on Intelligent Virtual Agents,
IVAPP,International Conference on Information Visualization Theory and Applications,
IWANN,International Work-Conference on Artificial Neural Networks,
IWBBIO,International Work-Conference on Bioinformatics and Biomedical Engineering,
IWBF,International Workshop on Biometrics and Forensics,
IWCMC,International Wireless Communications and Mobile Computing Conference,
IWCS,International Workshop on Computational Semantics,
IWCTS,International Workshop on Computational Transportation Science,
IWGS,ACM Workshop on GeoStreaming,
IWOCA,International Workshop on Combinatorial Algorithms,
IWOMP,International Workshop on OpenMP,
IWS,Iberchip Workshop,
IWSECO,International Workshop on Software Ecosystems,
IWSSIP,"International Conference on Systems, Signals and Image Processing",
jAUTI,Iberoamerican Conference on Applications and Usability of Interactive TV,
JCDL,ACM/IEEE Joint Conference on Digital Libraries,
JCSG,Joint International Conference on Serious Games,
JSSPP,Workshop on Job Scheduling Strategies for Parallel Processing,
JURIX,International Conference on Legal Knowledge and Information Systems,
KDD,ACM SIGKDD Conference on Knowledge Discovery and Data Mining,
KDIR,International Conference on Knowledge Discovery and Information Retrieval,
KDMILE,"Symposium on Knowledge Discovery, Mining and Learning",
KEPS,Workshop on Knowledge Engineering for Planning and Scheduling,
KES,International Conference on Knowledge-Based and Intelligent Information & Engineering Systems,
KESAMSTA,International KES Conference on Agents and Multi-Agent Systems: Technologies and Applications,
KESW,International Conference on Knowledge Engineering and Semantic Web,
KMO,International Conference on Knowledge Management in Organizations,
KR,International Conference on Principles of Knowledge Representation and Reasoning,
L@S,ACM Conference on Learning @ Scale,
LA-CCI,Latin American Conference on Computational Intelligence,
LAC,Linux Audio Conference,
LACLO,Latin American Conference on Learning Objects and Technologies,
LADC,Latin-American Symposium on Dependable Computing,
LAGIRS,IEEE Latin American GRSS & ISPRS Remote Sensing Conference,
LAGOS,"Latin-American Algorithms, Graphs and Optimization Symposium",
LAK,International Learning Analytics and Knowledge Conference,
LANC,Latin American Networking Conference,
LANMAN,IEEE International Symposium on Local and Metropolitan Area Networks,
LANOMS,Latin American Network Operations and Management Symposium,
LARS,IEEE Latin American Robotics Symposium,
LASCAS,IEEE Latin American Symposium on Circuits and Systems,
LATIN,Latin American Theoretical Informatics Symposium,
LATINCLOUD,IEEE Latin America Conference on Cloud Computing and Communications,
LATINCOM,IEEE Latin-American Conference on Communications,
LATINCRYPT,International Conference on Cryptology and Information Security in Latin America,
LATINOWARE,Congresso Latino-americano de Software Livre e Tecnologias Abertas,
LATS,IEEE Latin American Test Symposium,
LAW,Linguistic Annotation Workshop,
LAWCG,Latin American Workshop on Cliques in Graphs,
LAWCN,Latin-American Workshop on Computational Neuroscience,
LAWEB,Latin American Web Congress,
LCN,IEEE Conference on Local Computer Networks,
LCTES,"ACM SIGPLAN/SIGBED Conference on Languages, Compilers, and Tools for Embedded Systems",
LCTRTS,"ACM SIGPLAN/SIGBED Conference on Languages, Compilers, and Tools for Real-Time Systems",
LDAV,IEEE Symposium on Large Data Analysis and Visualization,
LFCS,Symposium on Logical Foundations of Computer Science,
LICS,ACM/IEEE Symposium on Logic in Computer Science,
LIDTA,Workshop on Learning with Imbalanced Domains: Theory and Applications,
LINKDEM,Workshop on Linked Democracy : Artificial Intelligence for Democratic Innovation,
LION,Learning and Intelligent Optimization Conference,
LMCS,Logical Methods in Computer Science,
LocalRec,"International Workshop on Location-Based Recommendations, Geosocial Networks and Geoadvertising",
LocWeb,International Workshop on Location and the Web,
LoPaS,Location Privacy and Security Workshop,
LOPSTR,International Symposium on Logic-based Program Synthesis and Transformation,
LREC,International Conference on Language Resources and Evaluation,
LSFA,"International Workshop on Logical and Semantic Frameworks, with Applications",
LTEC,International Workshop on Learning Technology for Education Challenges,
M4IOT,Workshop on Middleware for Context-Aware Applications in the IoT,
MABS,International Workshop on Multi-Agent Based Simulation,
MANSDNNFV,International Workshop on Management of SDN and NFV Systems,
MASCOTS,"International Symposium on the Modeling, Analysis, and Simulation of Computer and Telecommunication Systems",
MASS,IEEE International Conference on Mobile Adhoc and Sensor Systems,
MASS2,IEEE International Conference on Mobile Ad-Hoc and Smart Systems,
MATES,German Conference on Multiagent System Technologies,
MCDM,International Conference on Multiple Criteria Decision Making,
MCM,International Conference on Mathematics and Computation in Music,
MCPR2,Mexican Conference on Pattern Recognition,
MCSoC,International Symposium on Embedded Multicore/Many-core Systems-on-Chip,
MDAI,International Conference on Modeling Decisions for Artificial Intelligence,
MDM,IEEE International Conference on Mobile Data Management,
MED,Mediterranean Conference on Control and Automation,
MedComNet,Mediterranean Communication and Computer Networking Conference,
MEDES,International Conference on Management of Emergent Digital EcoSystems,
MEDHOCNET,Mediterranean Ad Hoc Networking Workshop,
MEDINFO,World Congress on Medical and Health Informatics,
MEMEA,IEEE International Symposium on Medical Measurements and Applications,
MEMSYS,International Symposium on Memory Systems,
MEPDaW,Managing the Evolution and Preservation of the Data Web,
MESA,IEEE/ASME International Conference on Mechatronic and Embedded Systems and Applications,
META,International Workshop on Meta-Programming Techniques and Reflection,
MetaLearn,Workshop on Meta-Learning,
MFCS,International Symposium on Mathematical Foundations of Computer Science,
MFI,IEEE International Conference on Multisensor Fusion and Integration for Intelligent Systems,
MIC,Metaheuristics International Conference,
MICAI,Mexican International Conference on Artificial Intelligence,
MICRO,IEEE/ACM International Symposium on Microarchitecture,
MIDDLEWARE,International Middleware Conference,
MIE,Medical Informatics Europe,
MIG,ACM Siggraph Conference on Motion in Games,
MILCOM,Military Communications Conference,
MISE,Workshop on Modeling in Software Engineering,
MIXDES,International Conference on Mixed Design of Integrated Circuits and Systems,
ML4H,Machine Learning for Health,
MLDM,International Conference on Machine Learning and Data Mining in Pattern Recognition,
MLOBD,"International Workshop on Machine Learning, Optimization and Big Data",
MLSP,IEEE International Workshop on Machine Learning for Signal Processing,
MMAR,International Conference on Methods and Models in Automation and Robotics,
MMM,International Conference on Multimedia Modelling,
MMRP,International Workshop on Multilayer Music Representation and Processing,
MMSP,International Workshop on Multimedia and Signal Processing,
MMSYS,ACM Multimedia Systems Conference,
MNR,Mostra Nacional de Robótica,
MobiArch,Workshop on Mobility in the Evolving Internet Architecture,
MOBICOM,ACM/IEEE International Conference on Mobile Computing and Networking,
MOBIHOC,ACM International Symposium on Mobile Ad Hoc Networking and Computing,
MOBILEHCI,International Conference on Human-Computer Interaction with Mobile Devices and Services,
MOBILESOFT,International Conference on Mobile Software Engineering and Systems,
MOBIQUITOUS,"International Conference on Mobile and Ubiquitous Systems: Computing, Networking and Services",
MobiSys,"Annual International Conference on Mobile Systems, Applications, and Services",
MOBIWAC,ACM International Symposium on Mobility Management and Wireless Access,
MOCO,International Conference on Movement and Computing,
MODELS,International Conference on Model Driven Engineering Languages and Systems,
MODELSWARD,International Conference on Model-Driven Engineering and Software Development,
MODRE,International Model-Driven Requirements Engineering,
MODULARITY,International Conference on Modularity,
MoMM,International Conference on Advances in Mobile Computing & Multimedia,
MRS,International Symposium on Multi-Robot and Multi-Agent Systems,
MSN,International Conference on Mobile Ad-Hoc and Sensor Networks,
MSR,Working Conference on Mining Software Repositories,
MSSiS,Workshop deModelagem e Simulação de Sistemas Intensivos em Software,
MSST,IEEE Symposium on Mass Storage Systems and Technologies,
MSWIM,"ACM International Conference on Modeling, Analysis and Simulation of Wireless and Mobile Systems",
MTSR,International Conference on Metadata and Semantics Research,
MULTI,International Workshop on Multi-Level Modeling,
MULTITEMP,International Workshop on the Analysis of Multitemporal Remote Sensing Images,
MUM,International Conference on Mobile and Ubiquitous Multimedia,
MVA,IAPR International Conference on Machine Vision Applications,
MWE,Workshop on Multiword Expressions,
MWSCAS,International Midwest Symposium on Circuits and Systems,
NAACL,North American Chapter of the Association for Computational Linguistics Annual Meeting,
NAFIPS,Annual Conference of the North American Fuzzy Information Processing Society,
NCA,IEEE International Symposium on Network Computing and Applications,
NDSS,Network and Distributed System Security Symposium,
NESY@HLAI,Workshop on Neural-Symbolic Learning and Reasoning,
NETSOFT,IEEE Conference on Network Softwarization,
NetSys,International Conference on Networked Systems,
NETWORKING,IFIP Networking Conference,
NETWORKS,International Telecommunications Network Strategy and Planning Symposium,
NeurIPS,Neural Information Processing Systems,
NEW2AN,"International Conference on Internet of Things, Smart Spaces, and Next Generation Networks and Systems",
NEWCAS,IEEE International New Circuits and Systems Conference,
NFM,NASA Formal Methods Symposium,
NFV-SDN,IEEE Conference on Network Function Virtualization and Software Defined Networks,
NHT,Workshop on Narrative and Hypertext,
NIME,International Conference on New Interfaces for Musical Expression,
NLDB,International Conference on Application of Natural Language to Information Systems,
NOCS,ACM/IEEE International Symposium on Networks-on-Chip,
NOF,International Conference on Network of the Future,
NOMS,IEEE/IFIP Network Operations and Management Symposium,
NORCAS,Nordic Circuits and Systems Conference,
NordiCHI,Nordic Conference on Human-Computer Interaction,
NSDI,Networked Systems Design and Implementation,
NSS,Network and System Security,
NSV,International Workshop on Numerical Software Verification,
NTMS,"IFIP International Conference on New Technologies, Mobility and Security",
OCEAN,IEEE Oceans Conference,
OM,International Workshop on Ontology Matching,
ONDM,Conference on Optical Network Design and Modeling,
ONTOBRAS,Seminar on Ontology Research in Brazil,
Onward!,Onward!,
OOPSLA,"Conference on Object-Oriented Programming Systems, Languages, and Applications",
OpenSym,International Symposium on Open Collaboration,
OPODIS,International Conference on Principles of Distributed Systems,
OR,International Conference on Operations Research,
OSDI,USENIX Symposium on Operating Systems Design and Implementation,
OSS,International Conference on Open Source Systems,
OzCHI,Australian Conference on Human-Computer Interaction,
PAAMS,"International Conference on Practical Applications of Agents, Multi-Agent Systems and Sustainability",
PAAR,Practical Aspects of Automated Reasoning,
PACBB,International Conference on Practical Applications of Computational Biology & Bioinformatics,
PacificVis,IEEE Pacific Visualization Symposium,
PACIS,Pacific Asia Conference on Information Systems,
PACT,International Conference on Parallel Computing Technologies,
PACTT,International Conference on Parallel Architectures and Compilation Techniques,
PAKDD,Pacific-Asia Conference on Knowledge Discovery and Data Mining,
PAM,Passive and Active Network Measurement Conference,
ParCO,International Conference on Parallel Computing,
PATAT,International Conference on the Practice and Theory of Automated Timetabling,
PATMOS,"International Workshop on Power and Timing Modeling, Optimization and Simulation",
PATTERNS,International Conferences on Pervasive Patterns and Applications,
PDC,Participatory Design Conference,
PDCAT,"International Conference on Parallel and Distributed Computing, Applications and Technologies",
PDES,IFAC International Conference on Programmable Devices and Embedded Systems,
PDP,"Euromicro International Conference on Parallel, Distributed and Network-Based Processing",
PE-WASUN,"ACM International Symposium on Performance Evaluation of Wireless Ad Hoc, Sensor, and Ubiquitous Networks",
PECCS,Pervasive and Embedded Computing and Communication Systems,
PERCOM,International Conference on Pervasive Computing and Communications,
PerComW,IEEE International Conference on Pervasive Computing and Communication Workshops,
PervasiveHealth,International Conference on Pervasive Computing Technologies for Healthcare,
PESOS,International Workshop on Principles of Engineering Service-Oriented and Cloud Systems,
PETRA,ACM International Conference on PErvasive Technologies Related to Assistive Environments,
PG,Pacific Conference on Computer Graphics and Applications,
PGM,International Conference on Probabilistic Graphical Models,
PIMRC,"International Symposium on Personal, Indoor and Mobile Radio Communications",
PKC,International Conference on Practice and Theory in Public Key Cryptography,
PLATIAL,International Symposium on Platial Information Science,
PLDI,SIGPLAN Conference on Programming Language Design and Implementation,
PLOP,Conference on Pattern Languages of Programs,
PODC,ACM Symposium on Principles of Distributed Computing,
PODS,Symposium on Principles of Database Systems,
PoEM,IFIP WG 8.1 Working Conference on the Practice of Enterprise Modelling,
POPL,Symposium on Principles of Programming Languages,
POST,International Conference on Principles of Security and Trust,
PP,SIAM Conference on Parallel Processing for Scientific Computing,
PPAM,International Conference on Parallel Processing and Applied Mathematics,
PPDP,International Symposium on Principles and Practice of Declarative Programming,
PPOPP,ACM SIGPLAN Symposium on Principles and Practice of Parallel Programming,
PPSN,International Conference on Parallel Problem Solving from Nature,
PRDC,Pacific Rim International Symposium on Dependable Computing,
PredictGIS,International Workshop on Prediction of Human Mobility,
PRIMA,nternational Conference on Principles and Practice of Multi-Agent Systems,
PrivOn,"Workshop on Society, Privacy and the Semantic Web",
PROFES,International Conference on Product-Focused Software Process Improvement,
PROMISE,International Conference on Predictive Models and Data Analytics in Software Engineering,
PROPOR,International Conference on Computational Processing of the Portuguese Language,
PSB,Pacific Symposium on Biocomputing,
PSCC,Power Systems Computation Conference,
PST,"International Conference on Privacy, Security and Trust",
Q2SWinet,ACM Symposium on QoS and Security for Wireless and Mobile Networks,
QoMEX,International Workshop on Quality of Multimedia Experience,
QUATIC,International Conference on Quality of Information and Communications Technology,
RADECS,European Conference on Radiation and its Effects on Components and Systems,
RAHA,IEEE Internacional Conference on Robotics and Automation for Humanitarian Applications,
RAID,"International Symposium on Research in Attacks, Intrusions, and Defenses",
RANLP,International Conference on Recent Advances in Natural Language Processing,
RCAR,IEEE International Conference on Real-time Computing and Robotics,
RCIS,International Conference on Research Challenges in Information Science,
RE,IEEE International Requirements Engineering Conference,
REBLS,Workshop on Reactive and Event-Based Languages and Systems,
RECOMB,International Conference on Research in Computational Molecular Biology,
RECONFIG,International Conference on Reconfigurable Computing and FPGAs,
RECOSOC,International Symposium on Reconfigurable Communication-centric Systems-on-Chip,
RECSYS,ACM Conference on Recommender Systems,
REFSQ,International Working Conference on Requirements Engineering: Foundations for Software Quality,
RICE,International Conference on Research in Intelligent and Computing in Engineering,
RITA,International Conference on Robot Intelligence Technology and Applications,
RO-MAN,IEEE International Symposium on Robot and Human Interactive Communication,
ROBIO,IEEE International Conference on Robotics and Biomimetics,
ROBOCUP,Robocup International Symposium,
RoboSoft,IEEE International Conference on Soft Robotics,
ROBOT,Iberian Robotics Conference,
RoMoCo,International Workshop on Robot Motion and Control,
ROOTS,Reversing and Offensive-Oriented Trends Symposium,
ROSE,IEEE International Symposium on Robotic and Sensors Environments,
RSP,IEEE International Symposium on Rapid System Prototyping,
RSS,Robotics: Science and Systems,
RTAS,IEEE REAL-TIME AND EMBEDDED TECHNOLOGY AND APPLICATIONS SYMPOSIUM,
RTCSA,International Conference on Embedded and Real-Time Computing Systems and Applications,
RTIS,International Conference on Real Time Intelligent Systems,
RTSS,Real-Time Systems Symposium,
RuleML+RR,International Joint Conference on Rules and Reasoning,
S&P,IEEE Symposium on Security and Privacy,
SAC,ACM Symposium on Applied Computing,
SACI,IEEE International Symposium on Applied Computational Intelligence and Informatics,
SACMAT,ACM Symposium on Access Control Models and Technologies,
SACRYPT,Workshop on Selected Areas in Cryptography,
SAFECOMP,"International Conference on Computer Safety, Reliability, and Security",
SAMOS,"International Conference on Embedded Computer Systems: Architectures, Modeling and Simulation",
SANER,"IEEE International Conference on Software Analysis, Evolution and Reengineering",
SARNOFF,IEEE Sarnoff Symposium,
SAS,IEEE Sensors Applications Symposium,
SAST,Brazilian Symposium on Systematic and Automated Software Testing,
SAT,International Conference on Theory and Applications of Satisfiability Testing,
SBAC-PAD,International Symposium on Computer Architecture and High Performance Computing,
SBACPADW,International Symposium on Computer Architecture and High Performance Computing Workshop,
SBAI,Simpósio Brasileiro de Automação Inteligente,
SBBD,Simpósio Brasileiro de Banco de Dados,
SBCARS,"Brazilian Symposium on Components, Architectures and Reuse Software",
SBCAS,Simpósio Brasileiro de Computação Aplicada à Saúde,
SBCCI,Symposium on Integrated Circuits and Systems Design,
SBCM,Simpósio Brasileiro de Computação Musical,
SBCUP,Simpósio Brasileiro de Computação Ubíqua e Pervasiva,
SBES,Brazilian Symposium on Software Engineering,
SBESC,Brazilian Symposium on Computing Systems Engineering,
SBGAMES,Simpósio Brasileiro de Jogos e Entretenimento Digital,
SBIAGRO,Congresso Brasileiro de Agroinformática,
SBIE,Simpósio Brasileiro de Informática na Educação,
SBLP,Brazilian Symposium on Programming Languages,
SBMF,Brazilian Symposium on Formal Methods,
SBMICRO,Symposium on Microelectronics Technology and Devices,
SBPO,Simpósio Brasileiro de Pesquisa Operacional,SOBRAPO
SBQS,Simpósio Brasileiro de Qualidade de Software,
SBRC,Simpósio Brasileiro de Redes de Computadores e Sistemas Distribuídos,
SBrT,Simpósio Brasileiro de Telecomunicações e Processamento de Sinais,
SBSC,Simpósio Brasileiro de Sistemas Colaborativos,
SBSeg,Simpósio Brasileiro de Segurança da Informação e de Sistemas Computacionais,
SBSI,Simpósio Brasileiro de Sistemas de Informação,
SBSR,Simpósio Brasileiro de Sensoriamento Remoto,
SBTI,Simpósio Brasileiro de Tecnologia da Informação,
SC,"International Conference for High Performance Computing, Networking, Storage and Analysis",
SCA,ACM SIGGRAPH/Eurographics Symposium on Computer Animation,
SCAM,IEEE International Working Conference on Source Code Analysis and Manipulation,
SCCTSA,"International Workshop on Smart City Clouds: Technologies, Systems and Applications",
SciVis,IEEE Scientific Visualization,
SCOPES,Software and Compilers for Embedded Systems,
SDM,SIAM International Conference on Data Mining,
SDPC,"International Conference on Sensing, Diagnostics, Prognostics, and Control",
SDS,International Conference on Software Defined Systems,
SE4Science,International Workshop on Software Engineering for Science,
SEA,International Symposium on Experimental Algorithms,
SEAA,Euromicro Conference on Software Engineering and Advanced Applications,
SeAC,Workshop on Self-Aware Computing,
SEAMS,International Symposium on Software Engineering for Adaptive and Self-Managing Systems,
SEC,International Conference on ICT Systems Security and Privacy Protection,
SeCoGis,International Workshop on Semantic and Conceptual Issues in Geographic Information Systems,
SECON,"IEEE International Conference on Sensing, Communication and Networking",
SECRYPT,International Conference on Security and Cryptography,
SEFM,International Conference on Software Engineering and Formal Methods,
SEGAH,International Conference on Serious Games and Applications for Health,
SEKE,International Conference on Software Engineering and Knowledge Engineering,
SEMEVAL,International Workshop on Semantic Evaluation,
SEMISH,Seminário Integrado de Software e Hardware,
SENSORNETS,International Conference on Sensor Networks,
SenSys,ACM Conference on Embedded Network Sensor Systems,
SEPLN,CONFERENCE OF THE SPANISH SOCIETY FOR NATURAL LANGUAGE PROCESSING,
SERA,"Software Engineering Research, Management and Applications",
SERIAL,Workshop on Scalable and Resilient Infrastructures for Distributed Ledgers,
SERP4IoT,International Workshop on Software Engineering Research & Practices for the Internet of Things,
SERVICES,IEEE World Congress on Services,
SESoS,International Workshop on Software Engineering for Systems-of-Systems,
SeWeBMeDA,Workshop on Semantic Web Solutions for Large-Scale Biomedical,
SGP,Eurographics Symposium on Geometry Processing,
SIBGRAPI,"Conference on Graphics, Patterns and Images",
SIES,International Symposium on Industrial Embedded Systems,
SIGCOMM,ACM SIGCOMM Conference,
SIGCSE,ACM Technical Symposium on Computer Science Education,
SIGDIAL,Annual Meeting of the Special Interest Group on Discourse and Dialogue,
SIGDOC,ACM International Conference on Design of Communication,
SIGGRAPH,International Conference and Exibition on Computer Graphics and Interactive Techniques,
SIGGRAPH Asia,ACM International Conference On Computer Graphics & Interactive Techniques / Asia,
SIGIR,International ACM SIGIR Conference on Research and Development in Information Retrieval,
SIGIReCom,SIGIR Workshop on eCommerce,
SIGKDD,ACM International Conference on Knowledge Discovery and Data Mining,
SIGMOD,ACM Conference on Management of Data,
SIGSE,ACM Technical Symposium on Computer Science Education,
SIGSPATIAL,ACM SIGSPATIAL International Conference on Advances in Geographic Information Systems,
SII,IEEE/SICE International Symposium on System Integration,
SIIE,Simpósio Internacional de Informática Educatica,
SIMBig,Annual International Symposium on Information Management and Big Data,
SIMPAR,"IEEE International Conference on Simulation, Modeling, and Programming for Autonomous Robots",
SIMPDA,International Sysmposium on Data-Driven Process Discovery and Analysis,
SIMULTECH,"International Conference on Simulation and Modeling Methodologies, Technologies and Applications",
SIoT,International Workshop on Secure Internet of Things,
SISAP,nternational Conference on Similarity Search and Applications,
SLATE,"Symposium on Languages, Applications and Technologies",
SLE,ACM SIGPLAN International Conference on Software Language Engineering,
SLERD,Conference on Smart Learning Ecosystems and Regional Development,
SMARTCOMP,International Conference on Smart Computing,
SMARTGREENS,International Conference on Smart Grids and Green ICT Systems,
SMARTGRIDCOMM,IEEE International Conference on Smart Grid Communications,
SMC,"IEEE International Conference on Systems, Man and Cybernetics",
SMusC,Sound and Music Computing Conference,
SNAA,Workshop on Social Network Analysis in Applications,
SOCA,IEEE Conference on Service-Oriented Computing and Applications,
SOCC,IEEE International System-on-Chip Conference,
SoCG,International Symposium on Computational Geometry,
SOCIALCOM,International Conference on Social Computing,
SOCINFO,International Conference on Social Informatics,
SoCPaR,International Conference on Soft Computing and Pattern Recognition,
SODA,ACM-SIAM Symposium on Discrete Algorithms,
SOFSEM,International Conference on Current Trends in Theory and Practice of Computer Science,
SOFTCOM,"International Conference on Software, Telecommunications and Computer Networks",
SOFTENG-IARIA,IARIA International Conference on Advances and Trends in Software Engineering,
SoftStart,International Workshop on Software Engineering for Startups,
SORT,IEEE Workshop on Self-Organizing Real-Time Systems,
SOSE,IEEE International Symposium on Service-Oriented System Engineering,
SoSEC,IEEE Annual System of Systems Engineering Conference,
SOSP,ACM Symposium on Operating Systems Principles,
SOSR,Symposium on Software Defined Networking Research,
SOUPS,Symposium On Usable Privacy and Security,
SoWeMi,International Workshop on Mining the Social Web,
SPAA,ACM Symposium on Parallelism in Algorithms and Architectures,
SpaCCS,"International Conference on Security, Privacy and Anonymity in Computation, Communication and Storage",
SPACE,"International Conference on Security, Privacy, and Applied Cryptography Engineering",
SpatialBigData,Spatial Big Data and Machine Learning in GIScience,
SpatialGems,ACM SIGSPATIAL International Workshop on Spatial Gems,
SPIRE,International Symposium on String Processing and Information Retrieval,
SPLASH,"ACM SIGPLAN Conference on Systems, Programming, Languages, and Applications: Software for Humanity",
SPLC,International Software Product Line Conference,
SPM,"International Conference on Signal, Image Processing and Multimedia",
SpringSim,Spring Simulation Conference,
SRDS,IEEE Symposium on Reliable Distributed Systems,
SSBSE,International Symposium on Search Based Software Engineering,
SSCC,International Symposium on Security in Computing and Communications,
SSCI,IEEE Symposium Series on Computational Intelligence,
SSDBM,International Conference on Scientific and Statistical Database Management,
SSIAI,Southwest Symposium on Image Analysis and Interpretation,
SSPR,International Workshop on Structural and Syntactic Pattern Recognition,
SSRR,"International Symposium on Safety, Security and Rescue Robotics",
SSTD,International Symposium on Spatial and Temporal Databases,
STACS,Symposium on Theoretical Aspects of Computer Science,
STIL,Brazilian Symposium in Information and Human Language Technology,
STOC,ACM Symposium on Theory of Computing,SBC CE-ACO Top10 2024
SUGARLOAFPLOP,Latin American Conference on Pattern Languages of Programs,
SUI,Symposium on Spatial User Interaction,
SUM,International Conference on Scalable Uncertainty Management,
SustainIT,Conference on Sustainable Internet and ICT for Sustainability,
SVR,Symposium on Virtual and Augmented Reality,
SWAT,Scandinavian Workshop on Algorithm Theory,
SWQD,Conference Software Quality Days,
SYSCON,IEEE International Systems Conference,
SYSTOL,Conference on Control and Fault-Tolerant Systems,
TABLEAUX,International Conference on Automated Reasoning with Analytic Tableaux and Related Methods,
TAC,Text Analysis Conference,
TACAS,International Conference on Tools and Algorithms for the Construction and Analysis of Systems,
TAPAS,Workshop on Tools for Automatic Program Analysis,
TAROS,Conference Towards Autonomous Robotics Systems,
TASE,Theoretical Aspects of Software Engineering,
TCC,Theory of Cryptography,
TechDebt,International Conference on Technical Debt,
TEEM,Technological Ecosystems for Enhancing Multiculturality,
TEI,"International Conference on Tangible, Embedded and Embodied Interaction",
TextGraphs,Workshop on Graph-based Methods for Natural Language Processing,
TIMBRE,Interdisciplinary Workshop on Timbre,
TISE,Congreso Internacional de Informática Educativa,
TPDL,International Conference on Theory and Practice of Digital Libraries,
TREC,Text Retrieval Conference,
TRUST,International Workshop on Trust in Agent societies,
TRUSTCOM,"International Conference on Trust, Security and Privacy in Computing and Communications",
TSD,"International Conference on Text, Speech and Dialogue",
TVX,ACM International Conference on Interactive Experiences for TV and Online Video,
UAI,Conference on Uncertainty in Artificial Intelligence,
UBICOMM-IARIA,"IARIA International Conference on Mobile Ubiquitous Computing, Systems, Services and Technologies",
UbiComp,ACM International Joint Conference on Pervasive and Ubiquitous Computing,
UBIMUS,Workshop de Música Ubíqua,
UCAMI,International Conference on Ubiquitous Computing and Ambient Intelligence,
UCC,IEEE/ACM International Conference on Utility and Cloud Computing,
UIC,IEEE International Conference on Ubiquitous Intelligence and Computing,
UIST,ACM User Interface Software Technology Symposium,
UKSIM,International Conference on Computer Modelling and Simulation,
UMAP,"International Conference on User Modeling, Adaptation and Personalization",
UNET,International Symposium on Ubiquitous Networking,
UNIF,International Workshop on Unification,
UR,International Conference on Ubiquitous Robots and Ambient Intelligence,
USENIX Security,USENIX Security Symposium,
USIHC,Congresso Internacional de Ergonomia e Usabilidade de Interfaces Humano Computador,
UTP,International Symposium on Unifying Theories of Programming,
VALUETOOLS,EAI International Conference on Performance Evaluation Methodologies and Tools,
VAMOS,International Workshop on Variability Modelling of Software-intensive Systems,
VarDial,"Workshop on NLP for Similar Languages, Varieties and Dialects",
VAST,IEEE Conference on Visual Analytics Science and Technology,
VCIP,IEEE International Conference on Visual Communications and Image Processing,
VECIMS/CIVEMSA,IEEE International Conference on Virtual Environments Human-Computer Interfaces and Measurement Systems,
VECPAR,International Meeting on High Performance Computing for Computational Science,
VEE,International Conference on Virtual Execution Environments,
VEM,"Workshop on Software Visualization, Evolution and Maintenance",
Videojogos,Conference on Videogame Sciences and Arts,
VISAPP,International Conference on Computer Vision Theory and Applications,
VISIGRAPP,"Conference on Computer Vision, Imaging and Computer Graphics Theory and Applications",
VISSOFT,IEEE Working Conference on Software Visualization,
VLDB,International Conference on Very Large Data Bases,
VLHCC,IEEE Symposium on Visual Languages and Human-Centric Computing,
VLSI,International Conference on Very Large Scale Integration,
VLSI-DAT,"International Symposium on VLSI Design, Automation and Test",
VLSI-SOC,IEEE/IFIP International Conference on VLSI and System-on-Chip,
VLSID,International Conference on VLSI Design,
VMV,"Vision, Modeling & Visualization",
VNC,IEEE Vehicular Networking Conference,
VOILA,Visualization and Interaction for Ontologies and Linked Data,
VR,IEEE Virtual Reality Conference,
VRCAI,International Conference on Virtual Reality Continuum and its Applications,
VRST,ACM Symposium on Virtual Reality Software and Technology,
VS-Games,International Conference on Virtual Worlds and Games for Serious Applications,
VSMM,International Conference on Virtual Systems and MultiMedia,
VTC,Vehicular Technology Conference,
VTS,IEEE VLSI Test Symposium,
W2GIS,International Symposium Web and Wireless Geographical Information Systems,
W4A,Conference on Web Accessibility,
WABI,Workshop on Algorithms in Bioinformatics,
WAC,Web Audio Conference,
WACV,Workshop on Applications of Computer Vision,
WADS,Algorithms and Data Structures Symposium,
WAFR,Workshop on the Algorithmic Foundations of Robotics,
WAIHCWS,Workshop sobre Aspectos da Interação Humano-Computador para a Web Social,
WALCOM,International Workshop on Algorithms and Computation,
WAlgProg,"Workshop de Ensino em Pensamento Computacional, Algoritmos e Programação",
WAOA,Workshop on Approximation and Online Algorithms,
WASHES,"Workshop sobre Aspectos Sociais, Humanos e Econômicos de Software",
WASPAA,IEEE Workshop on Applications of Signal Processing to Audio and Acoustics,
WASSA,"Workshop on Computational Approaches to Subjectivity, Sentiment and Social Media Analysis",
WAVE,Workshop on Advanced Virtual Environments and Education,
WBL,Workshop Brasileiro de Lógica,
WBMA,Workshop Brasileiro de Métodos Ágeis,
WCAMA,Workshop de Computação Aplicada à Gestão do Meio Ambiente e Recursos Naturais,
WCAS,Workshop on Circuits and Systems Design,
WCBIE,Workshops do Congresso Brasileiro de Informática na Educação,
WCCE,IFIP World Conference on Computers in Education,
WCCI,IEEE World Congress on Computational Intelligence,
WCGE,Workshop de Computação Aplicada ao Governo Eletrônico,
WCGO,World Congress on Global Optimization,
WCISC,Workshop on Computational Intelligence and Smart Cities,
WCN,Workshop on Cloud Networks,
WCNC,IEEE Wireless Communications and Networking Conference,
WCNCW,IEEE Wireless Communications and Networking Conference Workshops,
WCNPS,Workshop on Communication Networks and Power Systems,
WCX,SAE World Congress Experience,
WD,Wireless Days Conference,
WDES,"Workshop on Distributed Software Development, Software Ecosystems and Systems-of-Systems",
WEB3D,International Conference on 3D Web Technology,
Web4All,International Web for All Conference,
WEBDB,International Workshop on the Web and Databases,
WEBIST,International Conference on Web Information Systems and Technologies,
WEBMEDIA,Brazilian Symposium on Multimedia and the Web,
WEBSCI,ACM Web Science Conference,
WEI,Workshop sobre Educação em Computação,
WER,Workshop on Requirements Engineering,
WESB,Workshop de Engenharia de Software Baseada em Busca,
WETICE,IEEE International Conference on Enabling Technologies: Infrastructure for Collaborative Enterprises,
WF-IoT,IEEE World Forum on Internet of Things,
WFCS,IEEE World Conference on Factory Communication Systems,
WG,International Workshop on Graph-Theoretic Concepts in Computer Science,
WGRS,Workshop de Gerência e Operação de Redes e Serviços,
WHISPERS,Workshop on Hyperspectral Image and Signal Processing: Evolution in Remote Sensing,
WI-IAT,IEEE/WIC/ACM International Conference on Web Intelligence and Intelligent Agent Technology,
WICSA,Working IEEE/IFIP Conference on Software Architecture,
WIE,Workshop de Informática na Escola,
WIFS,IEEE Workshop on Information Forensics and Security,
WIM,Workshop de Informática Médica,
WIMOB,"IEEE International Conference on Wireless and Mobile Computing, Networking and Communications",
WiOpt,"International Symposium on Modeling and Optimization in Mobile, Ad Hoc, and Wireless Networks",
WiPSCE,Workshop in Primary and Secondary Computing Education,
WISDOM,Workshop on Issues of Sentiment Discovery and Opinion Mining,
WISE,International Conference on Web Information Systems Engineering,
WiSec,ACM Conference on Security & Privacy in Wireless and Mobile Networks,
WISTP,International Conference on Information Security Theory and Practice,
WIT,Women in Information Technology,
WOCN,International Conference on Wireless and Optical Communications Networks,
WOLLIC,"International Workshop on Logic, Language, Information and Computation",
WOMoCoE,"International Workshop on Ontology Modularity, Contextuality, and Evolution",
WONS,Wireless On-demand Network systems and Services Conference,
WORKS,Workshop on Workflows in Support of Large-Scale Science,
WOSP,International Workshop on Mining Scientific Publications,
WOWMOM,"International Symposium on a World of Wireless, Mobile and Multimedia Networks",
WPEIF,Workshop de Pesquisa Experimental da Internet do Futuro,
WPerformance,Workshop em Desempenho de Sistemas Computacionais e de Comunicação,
WPES,Annual ACM workshop on Privacy in the electronic society,
WRLA,International Workshop on Rewriting Logic and its Applications,
WSC,Winter Simulation Conference,
WSCAD,Simpósio em Sistemas Computacionais de Alto Desempenho,
WSCDC,Workshop de Segurança Cibernética em Dispositivos Conectados,
WSCG,International Conference in Central Europe on Computer Graphics and Visualization and Computer Vision,
WSDM,ACM Conference International Conference on Web Search and Data Mining,
WSL,Workshop de Software Livre,
WSOM,"International Workshop on Self-Organizing Maps and Learning Vector Quantization, Clustering and Data Visualization",
WTF,Workshop de Testes e Tolerância a Falhas,
WTranS,Workshop de Transparência de Sistema,
WVC,Workshop de Visão Computacional,
WWW,International World Wide Web Conferences,
XP,International Conference on Agile Software Development,