sigla,titulo,h5
3DV,International Conference on 3D Vision (3DV),56.0
3ICT,"International Conference on Innovation and Intelligence for Informatics, Computing, and Technologies",21.0
AAAI,AAAI Conference on Artificial Intelligence,232.0
AAAI,AAAI Conference on Artificial Intelligence,232.0
AAAI,AAAI Conference on Artificial Intelligence and Interactive Digital Entertainment,23.0
AAAI,AAAI Conference on Artificial Intelligence and Interactive Digital Entertainment,23.0
AAMAS,International Conference on Autonomous Agents and Multiagent Systems,54.0
ACC,American Control Conference,50.0
ACCV,Asian Conference on Computer Vision (ACCV),52.0
ACII,International Conference on Affective Computing and Intelligent Interaction and Workshops,23.0
ACIRS,Asia-Pacific Conference on Intelligent Robot Systems,9.0
ACISP,Australasian Conference on Information Security and Privacy (ACISP),18.0
ACM CHI PLAY,Annual Symposium on Computer-Human Interaction in Play,27.0
ACM IMX,ACM International Conference on Interactive Media Experiences,20.0
ACMSOCC,ACM Symposium on Cloud Computing,39.0
ACNS,Applied Cryptography and Network Security,28.0
ACSAC,Computer Security Applications Conference,40.0
AGILEGIS,International Conference on Geographic Information Science,11.0
AH,Augmented Human International Conference (AH),19.0
AI,Canadian Conference on Artificial Intelligence,19.0
AICT,IEEE International Conference on Application of Information and Communication Technologies (AICT),17.0
AIED,"DMIHER International Conference on Artificial Intelligence in Healthcare, Education and Industry",5.0
AIES,"AAAI/ACM Conference on AI, Ethics, and Society",62.0
AIIDE,AAAI Conference on Artificial Intelligence and Interactive Digital Entertainment,23.0
AIM,IEEE/ASME International Conference on Advanced Intelligent Mechatronics,20.0
AIML,Conference on Advances in Modal Logic,10.0
AIPR,"IEEE Applied Imagery Pattern Recognition Workshop, AIPR",15.0
AISTATS,International Conference on Artificial Intelligence and Statistics,101.0
AITest,IEEE International Conference On Artificial Intelligence Testing,16.0
ALLERTON,"Allerton Conference on Communication, Control, and Computing",11.0
AMCIS,Americas Conference on Information Systems (AMCIS),29.0
ANT,"International Conference on Ambient Systems, Networks and Technologies (ANT)",47.0
APCCAS,"IEEE Asia Pacific Conference on Circuits and Systems, APCCAS",12.0
ARES,"International Conference on Availability, Reliability and Security, ARES",35.0
ARSO,IEEE Workshop on Advanced Robotics and its Social Impacts (ARSO),8.0
ASAP,"IEEE International Conference on Application-specific Systems, Architectures and Processors, ASAP",20.0
ASE,IEEE/ACM International Conference on Automated Software Engineering (ASE),57.0
ASID,"International Conference on Anti-counterfeiting, Security, and Identification in Communication",9.0
ASP-DAC,Asia and South Pacific Design Automation Conference (ASP-DAC),34.0
ASPLOS,International Conference on Architectural Support for Programming Languages and Operating Systems (ASPLOS),77.0
ATC,USENIX Annual Technical Conference,57.0
ATS,Asian Test Symposium,10.0
AUDIOMOSTLY,International Audio Mostly Conference,13.0
AVSS,IEEE International Conference on Advanced Video and Signal-Based Surveillance (AVSS),13.0
BDCAT,"IEEE/ACM International Conference on Big Data Computing, Applications and Technologies",10.0
BDCLOUD,IEEE International Conference on Big Data and Cloud Computing (BdCloud),7.0
BIBE,"IEEE International Conference on Bioinformatics and Bioengineering, BIBE",20.0
BIBM,IEEE International Conference on Bioinformatics and Biomedicine,31.0
BMEI,International Conference on Biomedical Engineering and Informatics,15.0
BMVC,British Machine Vision Conference (BMVC),57.0
BRACIS,Brazilian Conference on Intelligent Systems (BRACIS),18.0
BRASNAM,Brazilian Workshop on Social Network Analysis and Mining (BraSNAM),8.0
BTAS,IEEE International Conference on Biometrics: Theory Applications and Systems (BTAS),34.0
CADE,International Conference on Automated Deduction,24.0
CAIP,International Conference on Computer Analysis of Images and Patterns,11.0
CAISE,International Conference on Advanced Information Systems Engineering,24.0
CAMAD,IEEE International Workshop on Computer Aided Modeling and Design of Communication Links and Networks (CAMAD),17.0
CASE,"IEEE International Conference on Automation Science and Engineering, CASE",30.0
CAV,International Conference on Computer Aided Verification (CAV),44.0
CBA,Congresso Brasileiro de Automática-CBA,8.0
CBMI,International Workshop on Content-Based Multimedia Indexing,13.0
CBS,IEEE International Conference on Cyborg and Bionic Systems,5.0
CCCG,Canadian Conference on Computational Geometry,8.0
CCECE,IEEE Canadian Conference on Electrical and Computer Engineering,17.0
CCS,ACM Symposium on Computer and Communications Security,90.0
CDC,IEEE Conference on Decision and Control,48.0
CDH,IEEE International Conference on Digital Health,12.0
CEC,IEEE Congress on Evolutionary Computation,94.0
CENTERIS,International Conference on Enterprise Information Systems (ICEIS),23.0
CF,ACM International Conference on Computing Frontiers,20.0
CGO,International Symposium on Code Generation and Optimization,25.0
CHIIR,Conference on Human Information Interaction and Retrieval,29.0
CIARP,Iberoamerican Congress on Pattern Recognition (CIARP),7.0
CICC,"IEEE Custom Integrated Circuits Conference, CICC",30.0
CIG,IEEE Conference on Computational Intelligence and Games (CIG),27.0
CIKM,ACM International Conference on Information and Knowledge Management,96.0
CISIS,"International Conference on Complex, Intelligent and Software Intensive Systems",15.0
CISTI,Iberian Conference on Information Systems and Technologies,24.0
CITS,"International Conference on Computer, Information and Telecommunication Systems",14.0
CLOSER,International Conference on Cloud Computing and Services Science (CLOSER),17.0
CloudCom,IEEE International Conference on Cloud Computing Technology and Science (CloudCom),9.0
CLUSTER,IEEE International Conference on Cluster Computing,24.0
CNMAC,Congresso Nacional de Matemática Aplicada e Computacional,2.0
CNS,IEEE Conference on Communications and Network Security,21.0
COCOON,International Conference on Computing and Combinatorics,11.0
CODASPY,ACM Conference on Data and Application Security and Privacy,24.0
COG,IEEE Conference on Computational Intelligence and Games (CIG),27.0
COGSCI,Annual Meeting of the Cognitive Science Society,36.0
COLING,International Conference on Computational Linguistics (COLING),81.0
CollaborateCom,"International Conference on Collaborative Computing: Networking, Applications and Worksharing (CollaborateCom)",9.0
COLT,Conference on Learning Theory (COLT),74.0
COMPSAC,IEEE Annual Computer Software and Applications Conference (COMPSAC),30.0
CONCUR,International Conference on Concurrency Theory (CONCUR),18.0
CONEXT,ACM Conference on Emerging Network Experiment and Technology (CoNEXT),29.0
CONISOFT,International Conference in Software Engineering Research and Innovation,10.0
CoNLL,Conference on Computational Natural Language Learning (CoNLL),30.0
CONTECSI,CONTECSI-International Conference on Information Systems and Technology Management Virtual,2.0
CoRL,Conference on Robot Learning,107.0
CP,International Conference on Principles and Practice of Constraint Programming,20.0
CPP,ACM SIGPLAN International Conference on Certified Programs and Proofs,23.0
CRV,Canadian Conference on Computer and Robot Vision (CRV),17.0
CRYPTO,International Cryptology Conference (CRYPTO),66.0
CSCL,International Conference on Computer-Supported Collaborative Learning,7.0
CSCN,IEEE Conference on Standards for Communications and Networking,12.0
CSCW,ACM Conference on Computer-Supported Cooperative Work & Social Computing,27.0
CSEDU,International Conference on Computer Supported Education (CSEDU),25.0
CSEE&T,IEEE-CS Conference on Software Engineering Education and Training (CSEE&T),12.0
CSF,IEEE Computer Security Foundations Symposium,22.0
CSL,Conference for Computer Science Logic (CSL),19.0
CSNDSP,International Symposium on Communication Systems Networks and Digital Signal Processing,15.0
CSNet,Cyber Security in Networking Conference,12.0
CVPRW,IEEE/CVF Computer Society Conference on Computer Vision and Pattern Recognition Workshops (CVPRW),117.0
DAC,Asia and South Pacific Design Automation Conference (ASP-DAC),34.0
DASFAA,International Conference on Database Systems for Advanced Applications,23.0
DCC,"Data Compression Conference, DCC",21.0
DCOSS,IEEE International Conference on Distributed Computing in Sensor Systems,22.0
DDECS,IEEE International Symposium on Design and Diagnostics of Electronic Circuits & Systems,12.0
DGO,Annual International Conference on Digital Government Research,24.0
DISC,International Symposium on Distributed Computing (DISC),23.0
DL,International Workshop on Description Logics,17.0
DOCENG,ACM Symposium on Document Engineering,14.0
DS-RT,"IEEE/ACM International Symposium on Distributed Simulation and Real-Time Applications, DR-RT",14.0
DSAA,IEEE International Conference on Data Science and Advanced Analytics (DSAA),27.0
DSC,IEEE Conference on Dependable and Secure Computing,17.0
DSD,"Euromicro Conference on Digital System Design, Architectures, Methods and Tools, DSD",20.0
DySPAN,IEEE Symposium on New Frontiers in Dynamic Spectrum Access Networks,12.0
EACL,Conference of the European Chapter of the Association for Computational Linguistics (EACL),77.0
EASE,International Conference on Evaluation and Assessment in Software Engineering,31.0
EATIS,Euro American Conference on Telematics and Information Systems,6.0
ECAI,European Conference on Artificial Intelligence (ECAI),44.0
ECCV,European Conference on Computer Vision,262.0
ECIR,European Conference on Advances in Information Retrieval,47.0
ECMR,European Conference on Mobile Robots,14.0
ECMS,European Conference on Modelling and Simulation (ECMS),12.0
ECOOP,European Conference on Object-oriented Programming (ECOOP),21.0
ECRTS,Euromicro Conference on Real-Time Systems,20.0
ECSA,European Conference on Software Architecture,21.0
ECSCW,European Conference on Computer-Supported Cooperative Work,12.0
EDBT,International Conference on Extending Database Technology (EDBT),29.0
EDCC,European Dependable Computing Conference,16.0
EDM,International Conference on Educational Data Mining (EDM),31.0
EDOC,"International IEEE Enterprise Distributed Object Computing Conference, EDOC",19.0
EDUCOMP,Simpósio Brasileiro de Educação em Computação (EDUCOMP),11.0
EGOV,International Conference on Electronic Government,17.0
EICS,ACM SIGCHI Symposium on Engineering Interactive Computing Systems,10.0
EIT,IEEE International Conference on Electro/Information Technology,27.0
EMBS,IEEE EMBS International Conference on Biomedical and Health Informatics,17.0
EMNLP,Conference on Empirical Methods in Natural Language Processing (EMNLP),218.0
ENIAC,Encontro Nacional de Inteligência Artificial e Computacional,9.0
EPIA,Portuguese Conference on Artificial Intelligence (EPIA),11.0
ER,International Conference on Conceptual Modeling,24.0
ESA,European Symposium on Algorithms,22.0
ESOP,European Symposium on Programming (ESOP),24.0
ESSCIRC,European Solid State Circuits Conference (ESSCIRC),19.0
ESSDERC,"European Solid State Device Research Conference, ESSDERC",13.0
ESWC,Extended Semantic Web Conference,31.0
ETC,Encontro de Teoria da Computação (ETC),2.0
ETS,IEEE European Test Symposium (ETS),16.0
EuCNC,European Conference on Networks and Communications,26.0
EUROCOMB,"European Conference on Combinatorics, Graph Theory and Applications",9.0
EUROCRYPT,International Conference on Theory and Applications of Cryptographic Techniques (EUROCRYPT),66.0
EUROHAPTICS,EuroHaptics,11.0
EuroPloP,European Conference on Pattern Languages of Programs,14.0
EuroSPI,Conference on European System & Software Process Improvement and Innovation (EuroSPI),17.0
EUROSYS,ACM European Conference on Computer Systems,52.0
EUSIPCO,European Signal Processing Conference (EUSIPCO),35.0
FC,International Conference on Financial Cryptography and Data Security,50.0
FDG,Foundations of Digital Games,27.0
FiCloud,International Conference on Future Internet of Things and Cloud (FiCloud),11.0
FM,"International Symposium On Leveraging Applications of Formal Methods, Verification and Validation",22.0
FoSSaCS,International Conference on Foundations of Software Science and Computation Structures (FoSSaCS),15.0
FPGA,Symposium on Field Programmable Gate Arrays (FPGA),39.0
FPL,International Conference on Field Programmable Logic and Applications,26.0
FSCD,International Conference on Formal Structures for Computation and Deduction,16.0
FUSION,International Conference on Information Fusion,23.0
FUZZ,IEEE International Conference on Fuzzy Systems (FUZZ),25.0
GECCO,Conference on Genetic and Evolutionary Computation,49.0
GEOINFO,Brazilian Symposium on GeoInformatics,4.0
GI,Graphics Interface Conference,13.0
GIScience,International Conference on Geographic Information Science,11.0
GLSVLSI,Great Lakes Symposium on VLSI,24.0
GRAPP,International Conference on Computer Graphics Theory and Applications (GRAPP),11.0
HEALTHINF,International Conference on Health Informatics (HEALTHINF),18.0
HICSS,Hawaii International Conference on System Sciences,53.0
HIPC,IEEE International Conference on High Performance Computing and Communications,19.0
HOTNETS,ACM Workshop on Hot Topics in Networks,23.0
HPCA,IEEE International Symposium on High Performance Computer Architecture,59.0
HPDC,ACM International Symposium on High Performance Distributed Computing,23.0
HRI,ACM/IEEE International Conference on Human Robot Interaction,52.0
Hypertext,ACM Conference on Hypertext and Hypermedia,21.0
IAS,IEEE Annual Meeting Industry Applications Society,28.0
IC2E,IEEE International Conference on Cloud Engineering,19.0
IC3K,"International Joint Conference on Knowledge Discovery, Knowledge Engineering and Knowledge Management",10.0
ICA3PP,International Conference on Algorithms and Architectures for Parallel Processing (ICA3PP),13.0
ICAART,International Conference on Agents and Artificial Intelligence (ICAART),24.0
ICAISC,International Conference on Artificial Intelligence and Soft Computing ICAISC,13.0
ICALP,"International Colloquium on Automata, Languages and Programming (ICALP)",29.0
ICAPS,International Conference on Automated Planning and Scheduling (ICAPS),33.0
ICARM,International Conference on Advanced Robotics and Mechatronics,14.0
ICARSC,IEEE International Conference on Autonomous Robot Systems and Competitions,19.0
ICARV,"International Conference on Control, Automation, Robotics and Vision",16.0
ICASSP,"IEEE International Conference on Acoustics, Speech and Signal Processing (ICASSP)",137.0
ICB,IEEE International Conference on Biometrics: Theory Applications and Systems (BTAS),34.0
ICBC,IEEE International Conference on Blockchain and Cryptocurrency,32.0
ICC,IEEE International Conference on Communications Workshops (ICC Workshops),34.0
ICCAD,IEEE/ACM International Conference on Computer-Aided Design (ICCAD),46.0
ICCC,International Conference on Computational Creativity,21.0
ICCD,"IEEE International Conference on Computer Design, ICCD",23.0
ICCE-EDU,International Conference on Computers in Education,16.0
iCCECE,"International Conference on Computing, Electronics & Communications Engineering",13.0
ICCHP,International Conference on Computers Helping People with Special Needs,15.0
ICCL2,International Conference on Computational Logistics,12.0
ICCPR,International Conference on Computing and Pattern Recognition,9.0
ICCSA,International Conference on Computational Science and Its Applications,31.0
ICCSPA,"International Conference on Communications, Signal Processing, and their Applications",13.0
ICCVW,IEEE/CVF International Conference on Computer Vision Workshops (ICCVW),63.0
ICDAR,International Conference on Document Analysis and Recognition,30.0
ICDCS,"International Conference on Distributed Computing Systems, ICDCS",41.0
ICDIP,International Conference on Digital Image Processing,10.0
ICDM,IEEE International Conference on Data Mining,49.0
ICDT,International Conference on Database Theory,19.0
ICEBE,IEEE International Conference on e-Business Engineering,8.0
ICECS,"IEEE International Conference on Electronics, Circuits and Systems",17.0
ICEDEG,International Conference on eDemocracy & eGovernment,16.0
ICEIS,International Conference on Enterprise Information Systems (ICEIS),23.0
ICER,International Computing Education Research Conference (ICER),29.0
ICFNDS,International Conference on Future Networks and Distributed Systems,23.0
ICHI,IEEE International Conference on Healthcare Informatics,19.0
ICIAP,International Conference on Image Analysis and Processing (ICIAP),17.0
ICICS,International Conference on Information and Communications Security,14.0
ICIDS,International Conference on Interactive Digital Storytelling,16.0
ICINCO,"International Conference on Informatics in Control, Automation and Robotics",12.0
ICIP,IEEE International Conference on Image Processing (ICIP),55.0
ICIRA,International Conference on Intelligent Robotics and Applications,13.0
ICIS,International Conference on Information Systems (ICIS),35.0
ICIST,International Conference on Information and Software Technologies (ICIST),10.0
ICIT,IEEE International Conference on Industrial Technology,22.0
ICIVC,"International Conference on Image, Vision and Computing",16.0
ICLP,International Conference on Logic Programming,9.0
ICLR,International Conference on Learning Representations,362.0
ICMA,IEEE International Conference on Mechatronics and Automation,16.0
ICMEW,IEEE International Conference on Multimedia and Expo Workshops (ICMEW),24.0
ICMLA,"IEEE International Conference on Cybernetics, Cognition and Machine Learning Applications",12.0
ICMR,ACM International Conference on Multimedia Retrieval,33.0
ICNC-FSKD,"International Conference on Natural Computation, Fuzzy Systems and Knowledge Discovery",5.0
ICNP,IEEE International Conference on Network Protocols,26.0
ICNSC,"IEEE International Conference on Networking, Sensing and Control",15.0
ICONIP,International Conference on Neural Information Processing,27.0
ICORR,IEEE International Conference on Rehabilitation Robotics,10.0
ICPC,IEEE International Conference on Program Comprehension,32.0
ICPE,ACM/SPEC International Conference on Performance Engineering,25.0
ICPP,International Conference on Parallel Processing (ICPP),24.0
ICS,International Conference on Supercomputing (ICS),25.0
ICSC,IEEE International Conference on Semantic Computing,20.0
ICSESS,IEEE International Conference on Software Engineering and Service Science,14.0
ICSI,International Conference on Advances in Swarm Intelligence,13.0
ICSIP,IEEE International Conference on Signal and Image Processing Applications,9.0
ICSME,IEEE International Conference on Software Maintenance and Evolution,35.0
ICSOB,International Conference on Software Business (ICSOB),13.0
ICSOC,International Conference on Service Oriented Computing,21.0
ICSOFT,International Joint Conference on Software Technologies (ICSOFT),14.0
ICSPCEC,"International Conference on Signal Processing, Communication, Power and Embedded System",2.0
ICSTV,"IEEE International Conference on Software Testing, Verification and Validation (ICST)",34.0
ICT,IEEE International Conference on Telecommunications (ICT),15.0
ICTAC,International Colloquium on Theoretical Aspects of Computing,11.0
ICTAI,IEEE International Conference on Tools with Artificial Intelligence (ICTAI),26.0
ICTCS,Italian Conference on Theoretical Computer Science,8.0
ICTON,International Conference on Transparent Optical Networks,18.0
ICUAS,International Conference on Unmanned Aircraft Systems,29.0
ICUMT,International Conference on Ultra Modern Telecommunications (ICUMT),16.0
ICVR,International Conference on Virtual Rehabilitation (ICVR),12.0
ICVRV,International Conference on Virtual Reality and Visualization,7.0
ICVS,International Conference on Intelligent Systems and Computer Vision,18.0
ICWE,International Conference on Web Engineering (ICWE),15.0
ICWL,International Conference on Web-Based Learning (ICWL),10.0
ICWS,IEEE International Conference on Web Services,23.0
IDC,International Symposium on Intelligent and Distributed Computing,8.0
IECON,IEEE Annual Conference of the Industrial Electronics Society,27.0
IEEE NANO,IEEE International Conference on Nanotechnology (IEEE-NANO),12.0
IEEEISWC,IEEE International Symposium on Wearable Computers,18.0
IEEENANO,IEEE International Conference on Nanotechnology (IEEE-NANO),12.0
IEEESCC,IEEE International Conference on Services Computing,19.0
IFIPIoT,IFIP International Internet of Things Conference.,10.0
IGSC,"International Conference on Green Energy, Computing and Sustainable Technology",13.0
IH&MMSec,ACM Workshop on Information Hiding and Multimedia Security,20.0
IHC,Simpósio Brasileiro sobre Fatores Humanos em Sistemas Computacionais (IHC),5.0
IISWC,IEEE International Symposium on Workload Characterization,22.0
IIWAS,International Conference on Information Integration and Web-based Applications & Services (IIWAS),12.0
IJCAI,International Joint Conference on Artificial Intelligence (IJCAI),136.0
IJCCI,International Joint Conference on Computational Intelligence,13.0
IJCNLP,International Joint Conference on Natural Language Processing (IJCNLP),41.0
IM,IFIP/IEEE International Symposium on Integrated Network Management,19.0
IMC,ACM on Internet Measurement Conference,43.0
IMIS,International Conference on Innovative Mobile and Internet Services in Ubiquitous Computing,11.0
INCOS,International Conference on Intelligent Networking and Collaborative Systems (INCoS),10.0
INDIN,IEEE International Conference on Industrial Informatics,20.0
INDOCRYPT,International Conference on Cryptology in India (INDOCRYPT),17.0
INFOCOM,IEEE International Conference on Computer Communications (INFOCOM),80.0
INSCIT,"International Symposium on Instrumentation Systems, Circuits and Transducers",4.0
INTELLISYS,SAI Intelligent Systems Conference,23.0
INTERSPEECH,Conference of the International Speech Communication Association (INTERSPEECH),112.0
IOLTS,IEEE International On-Line Testing Symposium,16.0
IOTSMS,"International Conference on Internet of Things: Systems, Management and Security",14.0
IPCCC,"IEEE International Performance, Computing, and Communications Conference, IPCCC",15.0
IPDPS,IEEE International Symposium on Parallel & Distributed Processing,41.0
IPMU,International Conference on Information Processing and Management of Uncertainty in Knowledge-Based Systems,16.0
IRC,IEEE International Conference on Robotic Computing,16.0
IRI,IEEE International Conference on Information Reuse and Integration,22.0
IROS,IEEE/RSJ International Conference on Intelligent Robots and Systems,92.0
ISAAC,International Symposium on Algorithms and Computation,17.0
ISAmI,International Symposium on Ambient Intelligence,11.0
ISBI,IEEE International Symposium on Biomedical Imaging: From Nano to Macro,52.0
ISC,International Conference on Supercomputing (ICS),25.0
ISCA,International Symposium on Computer Architecture (ISCA),64.0
ISCC,"International Symposium on Networks, Computers and Communications",23.0
ISCRAM,International Conference on Information Systems for Crisis Response and Management,16.0
ISD,International Conference on Information Systems Development,9.0
ISDA,International Conference on Intelligent Systems Design and Applications,16.0
ISECON,IEEE International Conference on Information Systems and Computer Aided Education,15.0
ISER,International Symposium on Experimental Robotics,12.0
ISGT,IEEE PES Innovative Smart Grid Technologies (ISGT),26.0
ISGT-Europe,IEEE PES Innovative Smart Grid Technologies Conference Europe,22.0
ISGT-LA,IEEE PES Innovative Smart Grid Technologies Conference Latin America,10.0
ISI,IEEE International Conference on Intelligence and Security Informatics,17.0
ISIE,IEEE International Symposium on Industrial Electronics,24.0
ISLPED,ACM/IEEE International Symposium on Low Power Electronics and Design,19.0
ISMAR,IEEE International Symposium on Mixed and Augmented Reality,37.0
ISMIR,International Society for Music Information Retrieval Conference,42.0
ISMR,International Symposium on Medical Robotics,16.0
ISMVL,IEEE International Symposium on Multiple-Valued Logic (ISMVL),13.0
ISOLA,"International Symposium On Leveraging Applications of Formal Methods, Verification and Validation",22.0
ISORC,IEEE International Symposium on Object Oriented Real-Time Distributed Computing,12.0
ISPASS,IEEE International Symposium on Performance Analysis of Systems and Software,24.0
ISPDC,International Symposium on Parallel and Distributed Computing,8.0
ISQED,International Symposium on Quality Electronic Design,22.0
ISSCC,IEEE International Solid-State Circuits Conference,72.0
ISSTA,International Symposium on Software Testing and Analysis,50.0
ISVC,International Symposium on Visual Computing,18.0
ISVLSI,IEEE Computer Society Annual Symposium on VLSI,23.0
ISWCS,International Symposium on Wireless Communication Systems,15.0
ITCS,Conference on Innovations in Theoretical Computer Science,37.0
ITHET,International Conference on Information Technology Based Higher Education and Training,8.0
ITICSE,Joint Conference on Innovation and Technology in Computer Science Education,38.0
ITNG,International Conference on Information Technology-New Generations,12.0
ITP,International Conference on Interactive Theorem Proving,15.0
IUI,International Conference on Intelligent User Interfaces (IUI),50.0
IV,International Conference on Information Visualization,15.0
IWANN,International Work-Conference on Artificial and Natural Neural Networks (IWANN),10.0
IWBBIO,International Work-Conference on Bioinformatics and Biomedical Engineering (IWBBIO),13.0
IWBF,International Workshop on Biometrics and Forensics,17.0
IWCMC,International Wireless Communications and Mobile Computing Conference (IWCMC),29.0
IWOCA,International Workshop on Combinatorial Algorithms,11.0
IWSSIP,"International Conference on Systems, Signals and Image Processing",16.0
JCDL,International ACM/IEEE Joint Conference on Digital Libraries,23.0
JURIX,International Conference on Legal Knowledge and Information Systems (JURIX),18.0
KDIR,International Conference on Knowledge Discovery and Information Retrieval (KDIR),10.0
KDMILE,"Symposium on Knowledge Discovery, Mining and Learning (KDMiLe)",8.0
L@S,ACM Conference on Learning at Scale,28.0
LA-CCI,IEEE Latin American Conference on Computational Intelligence,8.0
LADC,Latin-American Symposium on Dependable Computing,7.0
LAGIRS,IEEE Latin American GRSS & ISPRS Remote Sensing Conference,14.0
LASCAS,IEEE Latin American Symposium on Circuits and Systems (LASCAS),15.0
LATINOWARE,Congresso Latino-Americano de Software Livre e Tecnologias Abertas (Latinoware),3.0
LATS,IEEE Latin American Test Symposium (LATS),8.0
LMCS,Logical Methods in Computer Science,28.0
LREC,International Conference on Language Resources and Evaluation (LREC),68.0
MASS,IEEE International Conference on Mobile Adhoc and Sensor Systems (MASS),21.0
MCPR2,Mexican Conference on Pattern Recognition,9.0
MCSoC,International Symposium on Embedded Multicore/Many-core Systems-on-Chip,10.0
MED,Mediterranean Conference on Control and Automation,19.0
MedComNet,Mediterranean Communication and Computer Networking Conference,16.0
MEMSYS,International Symposium on Memory Systems,10.0
MESA,IEEE/ASME International Conference on Mechatronic and Embedded Systems and Applications,8.0
MFI,IEEE International Conference on Multisensor Fusion and Integration for Intelligent Systems,17.0
MICAI,Mexican International Conference on Artificial Intelligence (MICAI),13.0
MICRO,IEEE/ACM International Symposium on Microarchitecture,58.0
MIDDLEWARE,International Middleware Conference,24.0
MILCOM,IEEE Military Communications Conference,19.0
MLSP,IEEE International Workshop on Machine Learning for Signal Processing,22.0
MMAR,International Conference on Methods and Models in Automation and Robotics,8.0
MMSYS,ACM Multimedia Systems Conference (MMSys),27.0
MOBIHOC,ACM International Symposium on Mobile Ad Hoc Networking and Computing,22.0
MOBIQUITOUS,"EAI International Conference on Mobile and Ubiquitous Systems: Computing, Networking and Services",14.0
MobiSys,"Annual International Conference on Mobile Systems, Applications and Services",40.0
MOCO,International Conference on Movement and Computing,11.0
MODELSWARD,International Conference on Model-Driven Engineering and Software Development,14.0
MSN,International Conference on Mobile Ad-hoc and Sensor Networks,19.0
MSWIM,"ACM International Conference on Modeling, Analysis and Simulation of Wireless and Mobile Systems",18.0
MWSCAS,IEEE International Midwest Symposium on Circuits and Systems (MWSCAS),20.0
NAFIPS,Annual Conference of the North American Fuzzy Information Processing Society,7.0
NCA,IEEE International Symposium on Network Computing and Applications,15.0
NDSS,Network and Distributed System Security Symposium (NDSS),72.0
NESY@HLAI,International Workshop on Neural-Symbolic Learning and Reasoning,16.0
NETWORKING,IFIP Networking Conference,26.0
NeurIPS,Neural Information Processing Systems,371.0
NFV-SDN,IEEE Conference on Network Function Virtualization and Software Defined Networks,17.0
NOF,International Conference on Network of the Future,12.0
NOMS,IEEE/IFIP Network Operations and Management Symposium,33.0
NORCAS,Nordic Circuits and Systems Conference (NORCAS),10.0
NSDI,USENIX Symposium on Networked Systems Design and Implementation,71.0
ONDM,International Conference on Optical Network Design and Modeling,18.0
OPODIS,International Conference On Principles Of DIstributed Systems,19.0
OR,International Conference on Operations Research,6.0
OSS,International Conference on Open Source Systems and Technologies,12.0
PacificVis,IEEE Pacific Visualization Symposium,19.0
PACIS,Pacific Asia Conference on Information Systems (PACIS),25.0
PACTT,International Conference on Parallel Architectures and Compilation Techniques (PACT),22.0
PAKDD,Pacific-Asia Conference on Knowledge Discovery and Data Mining (PAKDD),33.0
PAM,International Conference on Passive and Active Network Measurement,21.0
PDC,Participatory Design Conference,23.0
PDP,"Euromicro International Conference on Parallel, Distributed and Network-Based Processing",15.0
PervasiveHealth,EAI International Conference on Pervasive Computing Technologies for Healthcare,14.0
PIMRC,"IEEE International Symposium on Personal, Indoor and Mobile Radio Communications",28.0
PKC,International Conference on Practice and Theory in Public Key Cryptography,37.0
PLDI,ACM SIGPLAN Conference on Programming Language Design and Implementation (PLDI),51.0
PLOP,European Conference on Pattern Languages of Programs,14.0
PODC,ACM Symposium on Principles of Distributed Computing (PODC),30.0
PODS,ACM SIGMOD-SIGACT-SIGART Symposium on Principles of Database Systems,22.0
PPAM,International Conference on Parallel Processing and Applied Mathematics (PPAM),5.0
PPSN,International Conference on Parallel Problem Solving from Nature,22.0
PRDC,Pacific Rim International Symposium on Dependable Computing,14.0
PROPOR,International Conference on Computational Processing of the Portuguese Language,13.0
PSB,Pacific Symposium on Biocomputing,24.0
QoMEX,International Workshop on Quality of Multimedia Experience,24.0
QUATIC,International Conference on the Quality of Information and Communications Technology,16.0
RADECS,European Conference on Radiation and Its Effects on Components and Systems,7.0
RAID,"International Symposium on Research in Attacks, Intrusions, and Defenses",28.0
RCAR,IEEE International Conference on Real-time Computing and Robotics,14.0
RE,IEEE International Requirements Engineering Conference,32.0
RECOMB,International Conference on Research in Computational Molecular Biology,21.0
RECSYS,ACM Conference on Recommender Systems,57.0
RICE,International Conference on Research in Intelligent and Computing in Engineering,4.0
RO-MAN,IEEE International Symposium on Robot and Human Interactive Communication,34.0
ROBIO,IEEE International Conference on Robotics and Biomimetics,14.0
ROBOCUP,RoboCup International Symposium,9.0
RoboSoft,IEEE International Conference on Soft Robotics,29.0
ROBOT,Iberian Robotics Conference,8.0
RSS,Robotics: Science and Systems,83.0
RTAS,IEEE Real-Time and Embedded Technology and Applications Symposium,25.0
RTCSA,IEEE International Conference on Embedded and Real-Time Computing Systems and Applications (RTCSA),13.0
RTSS,IEEE International Real-Time Systems Symposium (RTSS),23.0
SAC,ACM Symposium on Applied Computing,37.0
SACI,IEEE International Symposium on Applied Computational Intelligence and Informatics (SACI),17.0
SACMAT,ACM Symposium on Access Control Models and Technologies (SACMAT),16.0
SAFECOMP,"International Conference on Computer Safety, Reliability, and Security",20.0
SAS,IEEE Sensors Applications Symposium (SAS),15.0
SBAC-PAD,"International Symposium on Computer Architecture and High Performance Computing, SBAC-PAD",14.0
SBAI,Simpósio Brasileiro de Automação Inteligente-SBAI,4.0
SBBD,Simpósio Brasileiro de Banco de Dados (SBBD),4.0
SBCAS,Simpósio Brasileiro de Computação Aplicada à Saúde (SBCAS),7.0
SBES,Brazilian Symposium on Software Engineering,23.0
SBESC,Brazilian Symposium on Computing Systems Engineering,9.0
SBGAMES,Simpósio Brasileiro de Jogos e Entretenimento Digital (SBGames),10.0
SBIAGRO,Congresso Brasileiro de Agroinformática (SBIAGRO),3.0
SBIE,Simpósio Brasileiro de Informática na Educação (SBIE),15.0
SBMICRO,Symposium on Microelectronics Technology and Devices,4.0
SBPO,Simpósio Brasileiro de Pesquisa Operacional,2.0
SBRC,Simpósio Brasileiro de Redes de Computadores e Sistemas Distribuídos (SBRC),8.0
SBSeg,Simpósio Brasileiro de Segurança da Informação e de Sistemas Computacionais (SBSeg),6.0
SBSI,Simpósio Brasileiro de Sistemas de Informação (SBSI),6.0
SBTI,Simpósio Brasileiro de Tecnologia da Informação e da Linguagem Humana (STIL),8.0
SC,"International Conference for High Performance Computing, Networking, Storage and Analysis",50.0
SCAM,IEEE International Working Conference on Source Code Analysis and Manipulation,16.0
SDM,SIAM International Conference on Data Mining (SDM),36.0
SDPC,"IEEE International Conference on Sensing, Diagnostics, Prognostics, and Control",9.0
SDS,International Conference on Software Defined Systems,14.0
SEA,International Symposium on Experimental Algorithms,11.0
SEAA,Euromicro Conference on Software Engineering and Advanced Applications,23.0
SEAMS,International Symposium on Software Engineering for Adaptive and Self-Managing Systems,21.0
SEC,IFIP TC 11 International Conference on ICT Systems Security and Privacy Protection,15.0
SECRYPT,International Conference on Security and Cryptography (SECRYPT),13.0
SEGAH,International Conference on Serious Games and Applications for Health (SeGAH),18.0
SEKE,International Conference on Software Engineering and Knowledge Engineering (SEKE),14.0
SEMEVAL,International Workshop on Semantic Evaluation,40.0
SEMISH,Seminário Integrado de Software e Hardware (SEMISH),5.0
SENSORNETS,International Conference on Mobile Ad-hoc and Sensor Networks,19.0
SIBGRAPI,"SIBGRAPI Conference on Graphics, Patterns and Images",22.0
SIGCOMM,ACM SIGCOMM Conference,64.0
SIGDIAL,Annual Meeting of the Special Interest Group on Discourse and Dialogue (SIGDIAL),26.0
SIGDOC,ACM International Conference on Design of Communication,12.0
SIGMOD,ACM SIGMOD International Conference on Management of Data,74.0
SII,IEEE/SICE International Symposium on System Integration,19.0
SIMULTECH,"International Conference on Simulation and Modeling Methodologies, Technologies, and Applications (SIMULTECH)",10.0
SMARTGRIDCOMM,IEEE International Conference on Smart Grid Communications (SmartGridComm),21.0
SMC,"IEEE International Conference on Systems, Man and Cybernetics",36.0
SOCC,IEEE/IFIP International Conference on VLSI and System-on-Chip (VLSI-SoC),14.0
SOCINFO,Multidisciplinary International Social Networks Conference on Social Informatics,6.0
SODA,ACM SIAM Symposium on Discrete Algorithms,50.0
SOFTCOM,"International Conference on Software, Telecommunications and Computer Networks",15.0
SOUPS,Symposium On Usable Privacy and Security,35.0
SPAA,ACM Symposium on Parallelism in Algorithms and Architectures (SPAA),21.0
SPIRE,International Symposium on String Processing and Information Retrieval,12.0
SPLC,International Software Product Line Conference,23.0
SSCI,IEEE Symposium Series on Computational Intelligence,31.0
STACS,Symposium on Theoretical Aspects of Computer Science (STACS),24.0
STOC,ACM Symposium on Theory of Computing,63.0
SUI,ACM Symposium on Spatial User Interaction,18.0
SVR,Symposium on Virtual and Augmented Reality,15.0
SWAT,Scandinavian Workshop on Algorithm Theory (SWAT),11.0
SYSCON,IEEE International Systems Conference (SysCon),19.0
TACAS,International Conference on Tools and Algorithms for the Construction and Analysis of Systems (TACAS),35.0
TASE,International Symposium on Theoretical Aspects of Software Engineering,10.0
TCC,Theory of Cryptography,35.0
TEEM,International Conference on Technological Ecosystems for Enhancing Multiculturality,22.0
TEI,"International Conference on Tangible, Embedded, and Embodied Interaction",31.0
TPDL,International Conference on Theory and Practice of Digital Libraries,13.0
TREC,Text REtrieval Conference (TREC),15.0
TRUSTCOM,"IEEE International Conference on Trust, Security and Privacy in Computing and Communications (TrustCom)",31.0
UAI,Conference on Uncertainty in Artificial Intelligence (UAI),50.0
UIST,ACM Symposium on User Interface Software and Technology,53.0
UMAP,"International Conference on User Modeling, Adaptation and Personalization (UMAP)",33.0
USENIX Security,USENIX Security Symposium,116.0
VarDial,"Workshop on NLP for Similar Languages, Varieties and Dialects",16.0
VLDB,International Conference on Very Large Databases,90.0
VLHCC,IEEE Symposium on Visual Languages and Human-Centric Computing,19.0
VLSI-DAT,"International Symposium on VLSI Design, Automation and Test (VLSI-DAT)",12.0
VLSI-SOC,IEEE/IFIP International Conference on VLSI and System-on-Chip (VLSI-SoC),14.0
VNC,IEEE Vehicular Networking Conference (VNC),18.0
VRST,ACM Symposium on Virtual Reality Software and Technology,27.0
VTC,"IEEE Vehicular Technology Conference, VTC",46.0
W4A,Conference on Web Accessibility,18.0
WALCOM,International Workshop on Algorithms and Computation (WALCOM),11.0
WASPAA,IEEE Workshop on Applications of Signal Processing to Audio and Acoustics,21.0
WCNCW,IEEE Wireless Communications and Networking Conference Workshops (WCNCW),24.0
WCNPS,Workshop on Communication Networks and Power Systems,10.0
WEB3D,International Conference on 3D Web Technology,10.0
WEBIST,International Conference on Web Information Systems and Technologies (WEBIST),11.0
WEBMEDIA,Brazilian Symposium on Multimedia and the Web,12.0
WEBSCI,ACM Web Science Conference,30.0
WEI,Workshop sobre Educação em Computação (WEI),10.0
WHISPERS,Workshop on Hyperspectral Image and Signal Processing: Evolution in Remote Sensing (WHISPERS),13.0
WIE,Workshop de Informática na Escola (WIE),9.0
WIFS,IEEE International Workshop on Information Forensics and Security,20.0
WIMOB,IEEE International Conference on Wireless and Mobile Computing Networking and Communications,16.0
WiOpt,"International Symposium on Modeling and Optimization in Mobile, Ad Hoc, and Wireless Networks and Workshops",17.0
WIT,Women in Information Technology (WIT),13.0
WOWMOM,"IEEE International Symposium on a World of Wireless, Mobile and Multimedia Networks",22.0
WSCAD,Simpósio em Sistemas Computacionais de Alto Desempenho (SSCAD),5.0
WSDM,ACM International Conference on Web Search and Data Mining,86.0
WWW,International World Wide Web Conferences (WWW),120.0
