Cites,Authors,Title,Year,Source,Publisher,ArticleURL,CitesURL,GSRank,QueryDate,Type,DOI,ISSN,CitationURL,Volume,Issue,StartPage,EndPage,ECC,CitesPerYear,CitesPerAuthor,AuthorCount,Age,Abstract,FullTextURL,RelatedURL
1,"Hévilla Souza Oliveira, Jônatas Araújo de Almeida","Modelo de decisão multicritério para seleção de portfólio de projetos com interações",2021,"Anais do Simpósio Brasileiro de Pesquisa Operacional","Galoa","https://doi.org/10.59254/sbpo-2021-131521","",213,"2025-09-04 18:46:49","proceedings-article","10.59254/sbpo-2021-131521","2965-1476","",,,,,1,0.25,1,2,4,"","",""
0,"Bárbara Tenório de Holanda Santos, Ana Paula Henriques G. de A. Lima","AVALIAÇÃO DOS MUNICÍPIOS PERNAMBUCANOS COM RELAÇÃO À SEGURANÇA PÚBLICA – UMA ABORDAGEM MULTICRITÉRIO",2021,"Anais do Simpósio Brasileiro de Pesquisa Operacional","Galoa","https://doi.org/10.59254/sbpo-2021-131614","",1,"2025-09-04 18:46:49","proceedings-article","10.59254/sbpo-2021-131614","2965-1476","",,,,,0,0.00,0,2,4,"","",""
0,"Pablo Luiz Berriel do Carmo Teófilo, Marcos Santos","Analysis of prospective scenarios: a study on the feasibility of urban mining in Brazil",2021,"Anais do Simpósio Brasileiro de Pesquisa Operacional","Galoa","https://doi.org/10.59254/sbpo-2021-131438","",2,"2025-09-04 18:46:49","proceedings-article","10.59254/sbpo-2021-131438","2965-1476","",,,,,0,0.00,0,2,4,"","",""
0,"Gabriel Calvo Martinez, Paula Maçaira, Reinaldo Castro Souza","DESENVOLVIMENTO DE SIMULAÇÕES PARA ENERGIA ELÉTRICA DE BIOMASSA COM GRANULARIDADE INTRA-HORÁRIA",2021,"Anais do Simpósio Brasileiro de Pesquisa Operacional","Galoa","https://doi.org/10.59254/sbpo-2021-131452","",3,"2025-09-04 18:46:49","proceedings-article","10.59254/sbpo-2021-131452","2965-1476","",,,,,0,0.00,0,3,4,"","",""
0,"Guilherme Barbosa de Almeida, Elisangela Martins de Sá, Marcone Jamilson Freitas Souza, Sergio Ricardo de Souza","UM ALGORITMO ILS PARA O PROBLEMA DE LOCALIZAÇÃO DE PONTOS DE CONSOLIDAÇÃO",2021,"Anais do Simpósio Brasileiro de Pesquisa Operacional","Galoa","https://doi.org/10.59254/sbpo-2021-131653","",4,"2025-09-04 18:46:49","proceedings-article","10.59254/sbpo-2021-131653","2965-1476","",,,,,0,0.00,0,4,4,"","",""
0,"José Victor Sá Santos, Napoleão Nepomuceno","ESTUDO COMPARATIVO ENTRE O MÉTODO DE GERAÇÃO DE COLUNAS E A METODOLOGIA GERAR E RESOLVER PARA O PROBLEMA DE CORTE DE ESTOQUE UNIDIMENSIONAL",2021,"Anais do Simpósio Brasileiro de Pesquisa Operacional","Galoa","https://doi.org/10.59254/sbpo-2021-131462","",5,"2025-09-04 18:46:49","proceedings-article","10.59254/sbpo-2021-131462","2965-1476","",,,,,0,0.00,0,2,4,"","",""
0,"Renata Nunes Velozo, Uéverton Souza, Ruben Interian","Polarização em Grafos: Métricas, Arestas Mediadoras e Grafos Bipolarizados",2021,"Anais do Simpósio Brasileiro de Pesquisa Operacional","Galoa","https://doi.org/10.59254/sbpo-2021-131529","",6,"2025-09-04 18:46:49","proceedings-article","10.59254/sbpo-2021-131529","2965-1476","",,,,,0,0.00,0,3,4,"","",""
0,"João Henrique Furtado, Nelson Hein, Adriana Kroenke, Adhmir Renan Voltolini Gomes","SELEÇÃO E AVALIAÇÃO DE FORNECEDORES DE ESTAMPARIA NO VALE DO ITAJAÍ",2021,"Anais do Simpósio Brasileiro de Pesquisa Operacional","Galoa","https://doi.org/10.59254/sbpo-2021-131536","",7,"2025-09-04 18:46:49","proceedings-article","10.59254/sbpo-2021-131536","2965-1476","",,,,,0,0.00,0,4,4,"","",""
0,"Vanessa Regina Vieira Santos, Lucia Reis Roselli, Denise Medeiros","UTILIZAÇÃO DO VFT E DO MÉTODO FITRADEOFF PARA A PRIORIZAÇÃO DE AÇÕES DE PRODUÇÃO MAIS LIMPA EM UMA FÁBRICA DE COSMÉTICOS",2021,"Anais do Simpósio Brasileiro de Pesquisa Operacional","Galoa","https://doi.org/10.59254/sbpo-2021-131496","",8,"2025-09-04 18:46:49","proceedings-article","10.59254/sbpo-2021-131496","2965-1476","",,,,,0,0.00,0,3,4,"","",""
0,"Guilherme Castro, Marianna Cruz Campos Pontarolo, Luciano Azevedo de Souza, Danny Aronson, Níssia Carvalho Rosa Bergiante","ESTRUTURAÇÃO DO PROBLEMA DE RETORNO ÀS AULAS DURANTE A PANDEMIA POR COVID 19: O USO DO VALUE-FOCUSED THINKING EM CAMPUS UNIVERSITÁRIO DE PEQUENO PORTE",2021,"Anais do Simpósio Brasileiro de Pesquisa Operacional","Galoa","https://doi.org/10.59254/sbpo-2021-131611","",9,"2025-09-04 18:46:49","proceedings-article","10.59254/sbpo-2021-131611","2965-1476","",,,,,0,0.00,0,5,4,"","",""
0,"Leila Santiago Souza da Silva, Eduardo Infante, Virgílio José Martins Ferreira Filho","LOCALIZAÇÃO DE UNIDADES DE EDUCAÇÃO INFANTIL NA CIDADE DO RIO DE JANEIRO USANDO O MÉTODO FITRADEOFF",2021,"Anais do Simpósio Brasileiro de Pesquisa Operacional","Galoa","https://doi.org/10.59254/sbpo-2021-131662","",10,"2025-09-04 18:46:49","proceedings-article","10.59254/sbpo-2021-131662","2965-1476","",,,,,0,0.00,0,3,4,"","",""
0,"Vinícius Carvalho Soares, Marcos Roboredo, Eduardo Uchoa","UM ALGORITMO DE BRANCH-CUT-AND-PRICE PARA O PROBLEMA DE ROTEAMENTO DE VEÍCULOS ABERTO COM MÚLTIPLOS DEPÓSITOS",2021,"Anais do Simpósio Brasileiro de Pesquisa Operacional","Galoa","https://doi.org/10.59254/sbpo-2021-131593","",11,"2025-09-04 18:46:49","proceedings-article","10.59254/sbpo-2021-131593","2965-1476","",,,,,0,0.00,0,3,4,"","",""
0,"David Pereira Galvão Júnior, Victor José de Sousa Koehler, Thiago Gouveia, Gilberto Farias de Sousa Filho","Algoritmo Genético para o Problema da Árvore de Cobertura com Representação Mínima",2021,"Anais do Simpósio Brasileiro de Pesquisa Operacional","Galoa","https://doi.org/10.59254/sbpo-2021-131486","",12,"2025-09-04 18:46:49","proceedings-article","10.59254/sbpo-2021-131486","2965-1476","",,,,,0,0.00,0,4,4,"","",""
0,"CESAR AUGUSTO SOUZA DE OLIVEIRA, Rodney Oliveira Marinho Diana, Sergio Ricardo de Souza","Método de Reparo para o Problema de Sequenciamento de Tarefas em máquinas Paralelas Não Relacionadas Com Recurso Adicional",2021,"Anais do Simpósio Brasileiro de Pesquisa Operacional","Galoa","https://doi.org/10.59254/sbpo-2021-131664","",13,"2025-09-04 18:46:49","proceedings-article","10.59254/sbpo-2021-131664","2965-1476","",,,,,0,0.00,0,3,4,"","",""
0,"Aura Maria Jalal Osorio, Yossiri Adulyasak, Raf Jans, Reinaldo Morabito, Eli Angela Toso","MODELO PARA O PLANEJAMENTO DE ATIVIDADES TERCEIRIZADAS DE ARMAZENAMENTO E TRANSPORTE",2021,"Anais do Simpósio Brasileiro de Pesquisa Operacional","Galoa","https://doi.org/10.59254/sbpo-2021-131641","",14,"2025-09-04 18:46:49","proceedings-article","10.59254/sbpo-2021-131641","2965-1476","",,,,,0,0.00,0,5,4,"","",""
0,"Lavínia Beghini de Castro, Átila Arueira Jones","Graph Filter 2.0: nova versão do software para filtragem de grafos",2021,"Anais do Simpósio Brasileiro de Pesquisa Operacional","Galoa","https://doi.org/10.59254/sbpo-2021-131606","",15,"2025-09-04 18:46:49","proceedings-article","10.59254/sbpo-2021-131606","2965-1476","",,,,,0,0.00,0,2,4,"","",""
0,"Yure Rocha, Anand Subramanian","Um algoritmo genético com busca local para o problema do caixeiro viajante com veículo elétrico híbrido e janelas de tempo",2021,"Anais do Simpósio Brasileiro de Pesquisa Operacional","Galoa","https://doi.org/10.59254/sbpo-2021-131654","",16,"2025-09-04 18:46:49","proceedings-article","10.59254/sbpo-2021-131654","2965-1476","",,,,,0,0.00,0,2,4,"","",""
0,"Luiz Octávio Gavião, Annibal Parracho Sant'Anna, Pauli Adriano de Almada Garcia, Rodrigo Goyannes Gusmão Caiado, Gilson Brito Alves Lima","APOIO À DECISÃO COM INTEGRAIS DE CHOQUET POR MODELO SEMI-SUPERVISIONADO DE SINERGIAS E REDUNDÂNCIAS",2021,"Anais do Simpósio Brasileiro de Pesquisa Operacional","Galoa","https://doi.org/10.59254/sbpo-2021-131349","",17,"2025-09-04 18:46:49","proceedings-article","10.59254/sbpo-2021-131349","2965-1476","",,,,,0,0.00,0,5,4,"","",""
0,"Naiara Silva Nascimento, Jordana de Souza Nogueira, Maria Creuza Borges de Araújo","MODELO MULTICRITÉRIO PARA DECISÃO ACERCA DE PARTICIPAÇÃO EM PROCESSO LICITATÓRIO",2021,"Anais do Simpósio Brasileiro de Pesquisa Operacional","Galoa","https://doi.org/10.59254/sbpo-2021-131369","",18,"2025-09-04 18:46:49","proceedings-article","10.59254/sbpo-2021-131369","2965-1476","",,,,,0,0.00,0,3,4,"","",""
0,"Murilo Góes de Almeida, Luan Borges dos Santos, RODRIGO GOMES, Edison Ishikawa","O PROBLEMA DO CARTEIRO CHINÊS APLICADO EM ATIVIDADES DE PATRULHAMENTO POLICIAL E OPERAÇÕES NA REGIÃO DA NOVA LUZ EM SÃO PAULO - SP",2021,"Anais do Simpósio Brasileiro de Pesquisa Operacional","Galoa","https://doi.org/10.59254/sbpo-2021-131376","",19,"2025-09-04 18:46:49","proceedings-article","10.59254/sbpo-2021-131376","2965-1476","",,,,,0,0.00,0,4,4,"","",""
0,"Talita Dias Chagas Frazão, Ana Flávia Alves dos Santos, Lucas Araújo dos Santos, Alexandre Guilherme Rodrigues Varella, Ricardo Pires","Modelo de decisão multicritério para a Seleção de vítimas: O caso do Samu/192",2021,"Anais do Simpósio Brasileiro de Pesquisa Operacional","Galoa","https://doi.org/10.59254/sbpo-2021-131498","",20,"2025-09-04 18:46:49","proceedings-article","10.59254/sbpo-2021-131498","2965-1476","",,,,,0,0.00,0,5,4,"","",""
0,"Augusto André Santos de Souza, Lucas Araújo dos Santos, Jadson Ferreira Jacob, Ricardo Pires","ABORDAGEM MULTICRITÉRIO PARA AVALIAÇÃO DE PROJETOS DE QUALIDADE DE VIDA NO TRABALHO: UMA PROPOSTA BASEADA NO MÉTODO FITRADEOFF",2021,"Anais do Simpósio Brasileiro de Pesquisa Operacional","Galoa","https://doi.org/10.59254/sbpo-2021-131592","",21,"2025-09-04 18:46:49","proceedings-article","10.59254/sbpo-2021-131592","2965-1476","",,,,,0,0.00,0,4,4,"","",""
0,"Samuel Lyncon Leandro de Lima, Adhmir Renan Voltolini Gomes, Adriana Kroenke, Nelson Hein","EFICIÊNCIA DA GESTÃO HOSPITALAR DOS MUNICÍPIOS BRASILEIROS EM TEMPOS DE PANDEMIA",2021,"Anais do Simpósio Brasileiro de Pesquisa Operacional","Galoa","https://doi.org/10.59254/sbpo-2021-131528","",22,"2025-09-04 18:46:49","proceedings-article","10.59254/sbpo-2021-131528","2965-1476","",,,,,0,0.00,0,4,4,"","",""
0,"Pablo Luiz Berriel do Carmo Teófilo, Carlos Francisco Simões Gomes, Marcos Santos","Strategic actions to combat the second wave of COVID-19 infections in Nilópolis/RJ through the VFT approach and WINGS method",2021,"Anais do Simpósio Brasileiro de Pesquisa Operacional","Galoa","https://doi.org/10.59254/sbpo-2021-131389","",23,"2025-09-04 18:46:49","proceedings-article","10.59254/sbpo-2021-131389","2965-1476","",,,,,0,0.00,0,3,4,"","",""
0,"Carlos Neves, Anand Subramanian, Pedro Munari","Um Algoritmo Híbrido para o Problema de Roteamento de Veículos com Janelas de Tempo Robusto",2021,"Anais do Simpósio Brasileiro de Pesquisa Operacional","Galoa","https://doi.org/10.59254/sbpo-2021-131595","",24,"2025-09-04 18:46:49","proceedings-article","10.59254/sbpo-2021-131595","2965-1476","",,,,,0,0.00,0,3,4,"","",""
0,"Filipe Miguel Hylário, Ezequiel da Silva Oliveira, Layon Mescolin de Oliveira, Ivo Chaves Silva Junior, André Marcato","DESPACHO TERMOELÉTRICO DE GERAÇÃO COM ZONAS PROIBITIVAS DE OPERAÇÃO ATRAVÉS DA OTIMIZAÇÃO ARITMÉTICA",2021,"Anais do Simpósio Brasileiro de Pesquisa Operacional","Galoa","https://doi.org/10.59254/sbpo-2021-131407","",25,"2025-09-04 18:46:49","proceedings-article","10.59254/sbpo-2021-131407","2965-1476","",,,,,0,0.00,0,5,4,"","",""
0,"Caio Sales, Maria Creuza Borges de Araújo","AVALIAÇÃO DE DESEMPENHO DE FORNECEDORES EM UMA INDÚSTRIA DE CONFECÇÕES: UMA ABORDAGEM MULTICRITÉRIO",2021,"Anais do Simpósio Brasileiro de Pesquisa Operacional","Galoa","https://doi.org/10.59254/sbpo-2021-131600","",26,"2025-09-04 18:46:49","proceedings-article","10.59254/sbpo-2021-131600","2965-1476","",,,,,0,0.00,0,2,4,"","",""
0,"Marcelo Casagrande, Erick Meira, Nivalde Castro","Competitividade de curto, médio e longo prazo das fontes eólica e solar na matriz energética brasileira",2021,"Anais do Simpósio Brasileiro de Pesquisa Operacional","Galoa","https://doi.org/10.59254/sbpo-2021-131492","",27,"2025-09-04 18:46:49","proceedings-article","10.59254/sbpo-2021-131492","2965-1476","",,,,,0,0.00,0,3,4,"","",""
0,"Fernanda Abizethe de Carvalho Duim, Gilson Brito Alves Lima, Pauli Adriano de Almada Garcia","ANÁLISE DE RISCO EM CONTROLE DE POÇO BASEADO EM MODELAGEM BAYESIANA",2021,"Anais do Simpósio Brasileiro de Pesquisa Operacional","Galoa","https://doi.org/10.59254/sbpo-2021-131482","",28,"2025-09-04 18:46:49","proceedings-article","10.59254/sbpo-2021-131482","2965-1476","",,,,,0,0.00,0,3,4,"","",""
0,"Marcos Trotta Filippini Benetti, Augusto César da Silva, Ariel José Pimentel Kaczmark, Mischel Carmen Neyra Belderrain, Amanda Cecília Simões da Silva","Estruturação do Problema da Identificação de Tráfegos Aéreos Ilícitos na Região de Fronteira Terrestre Brasileira: Uma Aplicação do SSM",2021,"Anais do Simpósio Brasileiro de Pesquisa Operacional","Galoa","https://doi.org/10.59254/sbpo-2021-131591","",29,"2025-09-04 18:46:49","proceedings-article","10.59254/sbpo-2021-131591","2965-1476","",,,,,0,0.00,0,5,4,"","",""
0,"Isac Mendes Lacerda, Jayme Luiz Szwarcfiter, Éber Schmitz, Rosiane de Freitas","Avaliação empírica de algoritmos clássicos para escalonamento de projetos com maximização de valor presente líquido",2021,"Anais do Simpósio Brasileiro de Pesquisa Operacional","Galoa","https://doi.org/10.59254/sbpo-2021-131544","",30,"2025-09-04 18:46:49","proceedings-article","10.59254/sbpo-2021-131544","2965-1476","",,,,,0,0.00,0,4,4,"","",""
0,"Aurelio Oliveira, Yara Verdum Santiago","Métodos de Pontos Interiores para Problemas com Desigualdades",2021,"Anais do Simpósio Brasileiro de Pesquisa Operacional","Galoa","https://doi.org/10.59254/sbpo-2021-131490","",31,"2025-09-04 18:46:49","proceedings-article","10.59254/sbpo-2021-131490","2965-1476","",,,,,0,0.00,0,2,4,"","",""
0,"Thomaz Fraga","Forecasting U.S. recessions with probit models",2021,"Anais do Simpósio Brasileiro de Pesquisa Operacional","Galoa","https://doi.org/10.59254/sbpo-2021-131494","",32,"2025-09-04 18:46:49","proceedings-article","10.59254/sbpo-2021-131494","2965-1476","",,,,,0,0.00,0,1,4,"","",""
0,"Paulo Victor Lopes, Douglas Alves, Vinicius Romano, Renato Cesar Sato, Antonio Augusto Chaves","OTIMIZAÇÃO DE PORTFÓLIO DE FUNDOS DE INVESTIMENTO IMOBILIÁRIO COM RESTRIÇÃO DECARDINALIDADE",2021,"Anais do Simpósio Brasileiro de Pesquisa Operacional","Galoa","https://doi.org/10.59254/sbpo-2021-131481","",33,"2025-09-04 18:46:49","proceedings-article","10.59254/sbpo-2021-131481","2965-1476","",,,,,0,0.00,0,5,4,"","",""
0,"Júlio Cesar Vasconcelos Conserva, Walton Pereira Coutinho","UM MODELO MATEMÁTICO PARA O PROBLEMA DE ORIENTAÇÃO EM CLUSTERS COM REGRA DE PRIORIDADE d-RELAXADA",2021,"Anais do Simpósio Brasileiro de Pesquisa Operacional","Galoa","https://doi.org/10.59254/sbpo-2021-131483","",34,"2025-09-04 18:46:49","proceedings-article","10.59254/sbpo-2021-131483","2965-1476","",,,,,0,0.00,0,2,4,"","",""
0,"Duan Vilela Ferreira, Nicolas Bomfim, Thalles Vitelli Garcez, Lucimário Gois de Oliveira Silva, Tarso Ferreira, Marcelo Hazin Alencar, Ana Paula Henriques de Gusmão","AVALIAÇÃO DE LOCALIDADES PARA GERAÇÃO SOLAR FOTOVOLTAICA BASEADA NO MÉTODO FITRADEOFF",2021,"Anais do Simpósio Brasileiro de Pesquisa Operacional","Galoa","https://doi.org/10.59254/sbpo-2021-131554","",35,"2025-09-04 18:46:49","proceedings-article","10.59254/sbpo-2021-131554","2965-1476","",,,,,0,0.00,0,7,4,"","",""
0,"Mateus Müller Franco, Ana Paula Araújo, Krisllen Samara Feitosa de Souza, Joyce Nunes Galvão Cavalcante, Jefferson Souza Medeiros","APLICAÇÃO DE UM FRAMEWORK DE VOTAÇÃO PARA UM PROBLEMA DE DECISÃO EM GRUPO ENVOLVENDO A LOCALIZAÇÃO DE INSTALAÇÕES",2021,"Anais do Simpósio Brasileiro de Pesquisa Operacional","Galoa","https://doi.org/10.59254/sbpo-2021-131491","",36,"2025-09-04 18:46:49","proceedings-article","10.59254/sbpo-2021-131491","2965-1476","",,,,,0,0.00,0,5,4,"","",""
0,"João Victor Soares do Amaral, José Arnaldo Barra Montevechi, Rafael de Carvalho Miranda","FRAMEWORK PARA OTIMIZAÇÃO VIA SIMULAÇÃO INTEGRANDO METAMODELAGEM, DOE E OTIMIZAÇÃO DE HIPER-PARÂMETROS",2021,"Anais do Simpósio Brasileiro de Pesquisa Operacional","Galoa","https://doi.org/10.59254/sbpo-2021-131433","",37,"2025-09-04 18:46:49","proceedings-article","10.59254/sbpo-2021-131433","2965-1476","",,,,,0,0.00,0,3,4,"","",""
0,"Mateus Martin, Horacio Hideki Yanasse","O problema de minimização de espalhamento de ordens: um estudo de formulações matemáticas",2021,"Anais do Simpósio Brasileiro de Pesquisa Operacional","Galoa","https://doi.org/10.59254/sbpo-2021-131423","",38,"2025-09-04 18:46:49","proceedings-article","10.59254/sbpo-2021-131423","2965-1476","",,,,,0,0.00,0,2,4,"","",""
0,"Ramon Swell Gomes Rodrigues Casado, Marcelo Hazin Alencar, Adiel T. de Almeida","GERENCIAMENTO DE RISCOS EM GASODUTOS DE GÁS NATURAL: MODELAGEM MULTIDIMENSIONAL COM ALGORITMO DE ENUMERAÇÃO IMPLÍCITA PARA SELEÇÃO DE PORTFÓLIOS",2021,"Anais do Simpósio Brasileiro de Pesquisa Operacional","Galoa","https://doi.org/10.59254/sbpo-2021-131426","",39,"2025-09-04 18:46:49","proceedings-article","10.59254/sbpo-2021-131426","2965-1476","",,,,,0,0.00,0,3,4,"","",""
0,"Lucas Cavalcante Machado, Arthur Pimentel Gomes de Souza, Caroline Maria de Miranda Mota","ANÁLISE ESPACIAL DE LOCAIS CRÍTICOS PARA SEGURANÇA DE TRÁFEGO",2021,"Anais do Simpósio Brasileiro de Pesquisa Operacional","Galoa","https://doi.org/10.59254/sbpo-2021-131597","",40,"2025-09-04 18:46:49","proceedings-article","10.59254/sbpo-2021-131597","2965-1476","",,,,,0,0.00,0,3,4,"","",""
0,"Airton Camara de Medeiros Junior, Arthur Mozzer de Oliveira, José Pedro Guirao, Amanda Cecília Simões da Silva, Mischel Carmen Neyra Belderrain","O PROBLEMA DA OBSOLESCÊNCIA DO TREINADOR BÁSICO DE PILOTOS DE HELICÓPTERO DA FORÇA AÉREA BRASILEIRA ESTRUTURADO PELA SOFT SYSTEM METHODOLOGY (SSM)",2021,"Anais do Simpósio Brasileiro de Pesquisa Operacional","Galoa","https://doi.org/10.59254/sbpo-2021-131569","",41,"2025-09-04 18:46:49","proceedings-article","10.59254/sbpo-2021-131569","2965-1476","",,,,,0,0.00,0,5,4,"","",""
0,"Thiago Siqueira Santos, Luis Felipe Bueno, Francisco Nogueira Calmon Sobral","UMA HEURÍSTICA PARA O PROBLEMA DE ALOCAÇÃO DE ALUNOS EM SALA DE AULA",2021,"Anais do Simpósio Brasileiro de Pesquisa Operacional","Galoa","https://doi.org/10.59254/sbpo-2021-131637","",42,"2025-09-04 18:46:49","proceedings-article","10.59254/sbpo-2021-131637","2965-1476","",,,,,0,0.00,0,3,4,"","",""
0,"Felipe Kallás Silva, José Luiz da Silva Neto, Alexandre Donizeti Alves, Edmilson Marmo Moreira","ANÁLISE DA UTILIZAÇÃO DE ÁRVORES DINÂMICAS PARA A OTIMIZAÇÃO DO ALGORITMO DE DINIC EM PROBLEMAS DE FLUXO MÁXIMO EM GRAFOS",2021,"Anais do Simpósio Brasileiro de Pesquisa Operacional","Galoa","https://doi.org/10.59254/sbpo-2021-131488","",43,"2025-09-04 18:46:49","proceedings-article","10.59254/sbpo-2021-131488","2965-1476","",,,,,0,0.00,0,4,4,"","",""
0,"Guilherme Caeiro de Mattos, Felipe Maia Galvão França, Luidi Gelabert Simonetti, Priscila Machado Vieira Lima","AIISR - AI INSPIRED STOPPING RULE FOR GRASP METAHEURISTIC",2021,"Anais do Simpósio Brasileiro de Pesquisa Operacional","Galoa","https://doi.org/10.59254/sbpo-2021-131575","",44,"2025-09-04 18:46:49","proceedings-article","10.59254/sbpo-2021-131575","2965-1476","",,,,,0,0.00,0,4,4,"","",""
0,"Luiz Alves de Souza Neto, Rodolfo de Carvalho Pacagnella, Cristiano Torezzan","METODOS DE APRENDIZADO DE MÁQUINA APLICADOS PARA A PREDIÇÃO DE USO DE UTI EM PACIENTES COM GESTAÇÃO DE RISCO",2021,"Anais do Simpósio Brasileiro de Pesquisa Operacional","Galoa","https://doi.org/10.59254/sbpo-2021-131610","",45,"2025-09-04 18:46:49","proceedings-article","10.59254/sbpo-2021-131610","2965-1476","",,,,,0,0.00,0,3,4,"","",""
0,"Júlio Teles Ribeiro de Azevedo Nascimento, Napoleão Nepomuceno","REALOCAÇÃO DE PASSAGEIROS DE VOOS CANCELADOS DEVIDO AO FECHAMENTO DE UM AEROPORTO DE TRÂNSITO",2021,"Anais do Simpósio Brasileiro de Pesquisa Operacional","Galoa","https://doi.org/10.59254/sbpo-2021-131570","",46,"2025-09-04 18:46:49","proceedings-article","10.59254/sbpo-2021-131570","2965-1476","",,,,,0,0.00,0,2,4,"","",""
0,"Gabrielle Rosa Ribeiro, Ana Paula Cabral Seixas Costa","UM MODELO DINÂMICO PARA O CRONOGRAMA DAS ATIVIDADES DE MANUTENÇÃO",2021,"Anais do Simpósio Brasileiro de Pesquisa Operacional","Galoa","https://doi.org/10.59254/sbpo-2021-131435","",47,"2025-09-04 18:46:49","proceedings-article","10.59254/sbpo-2021-131435","2965-1476","",,,,,0,0.00,0,2,4,"","",""
0,"Lívia Medeiros, Fabiano Oliveira, Jayme Luiz Szwarcfiter","UM ALGORITMO PARA DETERMINAR UM LIMITE SUPERIOR PARA O PROBLEMA DA CONTAGEM DE INTERVALO",2021,"Anais do Simpósio Brasileiro de Pesquisa Operacional","Galoa","https://doi.org/10.59254/sbpo-2021-131520","",48,"2025-09-04 18:46:49","proceedings-article","10.59254/sbpo-2021-131520","2965-1476","",,,,,0,0.00,0,3,4,"","",""
0,"Pedro Olímpio Pinheiro, Alexsandro Oliveira Alexandrino, Andre Rodrigues Oliveira, Cid C. de Souza, Zanoni Dias","Algorithms for the Maximum Eulerian Cycle Decomposition Problem",2021,"Anais do Simpósio Brasileiro de Pesquisa Operacional","Galoa","https://doi.org/10.59254/sbpo-2021-131388","",49,"2025-09-04 18:46:49","proceedings-article","10.59254/sbpo-2021-131388","2965-1476","",,,,,0,0.00,0,5,4,"","",""
0,"Juliano Cesar Rodrigues Vale","APLICAÇÃO DO MÉTODO PROMETHEE II E GEOTECNOLOGIAS NA CRIAÇÃO DE INDICADOR SOCIAL PARA DECISÃO EM POLÍTICAS PÚBLICAS MUNICIPAIS",2021,"Anais do Simpósio Brasileiro de Pesquisa Operacional","Galoa","https://doi.org/10.59254/sbpo-2021-131473","",50,"2025-09-04 18:46:49","proceedings-article","10.59254/sbpo-2021-131473","2965-1476","",,,,,0,0.00,0,1,4,"","",""
0,"Matheus Cunha de Almeida, Rogério Santana Peruchi, Williane de Oliveira Silva Soares","ÍNDICES MULTIVARIADOS DE REPETITIVIDADE E REPRODUTIVIDADE PARA AVALIAR O ERRO DE MEDIÇÃO EM PROCESSO DE SOLDAGEM DE REVESTIMENTO DO AÇO CARBONO ABNT 1020 POR ARAMES TUBULARES DE AÇO INOXIDÁVEL 316L COM CARACTERÍSTICAS DA QUALIDADE COM DISTINTOS GRAUS DE IMPORTÃNCIA",2021,"Anais do Simpósio Brasileiro de Pesquisa Operacional","Galoa","https://doi.org/10.59254/sbpo-2021-131629","",51,"2025-09-04 18:46:49","proceedings-article","10.59254/sbpo-2021-131629","2965-1476","",,,,,0,0.00,0,3,4,"","",""
0,"Gustavo Alves De Melo, Fátima Machado de Souza Lima, Sandra Machado de Souza Lima, Samuel Borges Barbosa, Maria Gabriela Mendonça Peixoto, Laura Ferreira Navarro Ananias","MEDINDO A EFICIÊNCIA DE FAZENDAS LEITEIRAS DE MINAS GERAIS VIA ANÁLISE ENVOLTÓRIA DE DADOS",2021,"Anais do Simpósio Brasileiro de Pesquisa Operacional","Galoa","https://doi.org/10.59254/sbpo-2021-131535","",52,"2025-09-04 18:46:49","proceedings-article","10.59254/sbpo-2021-131535","2965-1476","",,,,,0,0.00,0,6,4,"","",""
0,"Yasmin Amaro, Fernanda Baiao, Paula Maçaira","Análise de sentimentos em mensagens de avaliação de clientes sobre o setor de comércio do Rio de Janeiro",2021,"Anais do Simpósio Brasileiro de Pesquisa Operacional","Galoa","https://doi.org/10.59254/sbpo-2021-131663","",53,"2025-09-04 18:46:49","proceedings-article","10.59254/sbpo-2021-131663","2965-1476","",,,,,0,0.00,0,3,4,"","",""
0,"Mariana Cyreno, Adiel T. de Almeida","AVALIAÇÕES HOLÍSTICAS E ELICITAÇÃO POR DECOMPOSIÇÃO DO FITRADEOFF COMBINADAS EM UM PROBLEMA DE DECISÃO MULTICRITÉRIO DE UMA TRANSPORTADORA",2021,"Anais do Simpósio Brasileiro de Pesquisa Operacional","Galoa","https://doi.org/10.59254/sbpo-2021-131545","",54,"2025-09-04 18:46:49","proceedings-article","10.59254/sbpo-2021-131545","2965-1476","",,,,,0,0.00,0,2,4,"","",""
0,"Marcos Ricardo Rosa Georges","ALGUMAS PROBABILIDADES ÚTEIS NO JOGO DE CARTAS KING",2021,"Anais do Simpósio Brasileiro de Pesquisa Operacional","Galoa","https://doi.org/10.59254/sbpo-2021-131523","",55,"2025-09-04 18:46:49","proceedings-article","10.59254/sbpo-2021-131523","2965-1476","",,,,,0,0.00,0,1,4,"","",""
0,"Valdomiro Roberto Damaceno Neto, Maria José Pereira Dantas","NSGA-II com parˆametros adaptativos aplicado ao design de redes detelecomunicac ̧ ̃ao",2021,"Anais do Simpósio Brasileiro de Pesquisa Operacional","Galoa","https://doi.org/10.59254/sbpo-2021-131598","",56,"2025-09-04 18:46:49","proceedings-article","10.59254/sbpo-2021-131598","2965-1476","",,,,,0,0.00,0,2,4,"","",""
0,"Eriky S. Gomes, Frederico R. B. Cruz","CORREÇÃO DO VÍCIO EM ESTIMATIVAS BAYESIANAS DA INTENSIDADE DE TRÁFEGO EM FILAS MARKOVIANAS DE SERVIDOR ÚNICO",2021,"Anais do Simpósio Brasileiro de Pesquisa Operacional","Galoa","https://doi.org/10.59254/sbpo-2021-131444","",57,"2025-09-04 18:46:49","proceedings-article","10.59254/sbpo-2021-131444","2965-1476","",,,,,0,0.00,0,2,4,"","",""
0,"Samuel Eduardo da Silva, Uéverton Souza, Celso Ribeiro","COMPUTANDO A TREEWIDTH DE UM GRAFO:ALGORITMO GENÉTICO TENDENCIOSO DE CHAVES ALEATÓRIAS",2021,"Anais do Simpósio Brasileiro de Pesquisa Operacional","Galoa","https://doi.org/10.59254/sbpo-2021-131565","",58,"2025-09-04 18:46:49","proceedings-article","10.59254/sbpo-2021-131565","2965-1476","",,,,,0,0.00,0,3,4,"","",""
0,"João Vitor Mussel Canato, Diogo Freitas Rodrigues, Marcilene de F. Dianin Vianna, Ana Paula Sobral, Dalessandro Soares Vianna","ANÁLISE DE PRIORIZAÇÃO DA EXECUÇÃO DE PROJETOS DE FABRICAÇÃO DE TUBULAÇÕES UTILIZANDO OS MÉTODOS AHP E TOPSIS",2021,"Anais do Simpósio Brasileiro de Pesquisa Operacional","Galoa","https://doi.org/10.59254/sbpo-2021-131367","",59,"2025-09-04 18:46:49","proceedings-article","10.59254/sbpo-2021-131367","2965-1476","",,,,,0,0.00,0,5,4,"","",""
0,"João Vitor Mussel Canato, Marcilene de F. Dianin Vianna, Dalessandro Soares Vianna, Edwin Benito Mitacc Meza","BIBLIOMETRIA SOBRE O AUXÍLIO MULTICRITÉRIO À DECISÃO APLICADO EM PROJETOS NA ÁREA INDUSTRIAL DO SETOR DE ÓLEO E GÁS",2021,"Anais do Simpósio Brasileiro de Pesquisa Operacional","Galoa","https://doi.org/10.59254/sbpo-2021-131370","",60,"2025-09-04 18:46:49","proceedings-article","10.59254/sbpo-2021-131370","2965-1476","",,,,,0,0.00,0,4,4,"","",""
0,"Rafael Velôzo, Thiago Suruagy, Lúcio Ribeiro, Isis Didier Lins","ANÁLISE MULTICRITÉRIO PARA ESCOLHA DE PROJETOS DE INOVAÇÃO EM ENCOMENDA TECNOLÓGICA USANDO O MÉTODO FITRADEOFF DE ORDENAÇÃO",2021,"Anais do Simpósio Brasileiro de Pesquisa Operacional","Galoa","https://doi.org/10.59254/sbpo-2021-131588","",61,"2025-09-04 18:46:49","proceedings-article","10.59254/sbpo-2021-131588","2965-1476","",,,,,0,0.00,0,4,4,"","",""
0,"Laura Ferreira Navarro Ananias, Cecília Cristina Ribeiro Ferreira, Thomaz da Cunha Leite, Gustavo Alves De Melo, Maria Gabriela Mendonça Peixoto, Thiago Henrique Nogueira, Samuel Borges Barbosa, Fátima Machado de Souza Lima","PESQUISA OPERACIONAL APLICADA À GESTÃO LOGÍSTICA: DESENVOLVIMENTO DE UM MODELO DE CROSS-DOCKING COM ROTEAMENTO DE VEÍCULOS",2021,"Anais do Simpósio Brasileiro de Pesquisa Operacional","Galoa","https://doi.org/10.59254/sbpo-2021-131631","",62,"2025-09-04 18:46:49","proceedings-article","10.59254/sbpo-2021-131631","2965-1476","",,,,,0,0.00,0,8,4,"","",""
0,"Patricia Garcês Rabelo, Dalessandro Soares Vianna, Carlos Bazilio","Uma heurística VNS para o problema de roteamento de aeronaves offshore",2021,"Anais do Simpósio Brasileiro de Pesquisa Operacional","Galoa","https://doi.org/10.59254/sbpo-2021-131371","",63,"2025-09-04 18:46:49","proceedings-article","10.59254/sbpo-2021-131371","2965-1476","",,,,,0,0.00,0,3,4,"","",""
0,"Ricardo Pedroso, Rosangela H Loschi","A Comparison of Product Partition Model Applications to Univariate Multiple Change-Point Analysis",2021,"Anais do Simpósio Brasileiro de Pesquisa Operacional","Galoa","https://doi.org/10.59254/sbpo-2021-131580","",64,"2025-09-04 18:46:49","proceedings-article","10.59254/sbpo-2021-131580","2965-1476","",,,,,0,0.00,0,2,4,"","",""
0,"Livia Torres, Francisco Ramos","UM MODELO DE DOIS ESTÁGIOS BASEADO NO JOGO DE BARGANHA DE NASH PARA AVALIAÇÃO DE EFICIÊNCIA DE DISTRIBUIDORAS BRASILEIRAS DE ENERGIA",2021,"Anais do Simpósio Brasileiro de Pesquisa Operacional","Galoa","https://doi.org/10.59254/sbpo-2021-131623","",65,"2025-09-04 18:46:49","proceedings-article","10.59254/sbpo-2021-131623","2965-1476","",,,,,0,0.00,0,2,4,"","",""
0,"Maurício Lila, Erick Meira, Fernando Cyrino","Avaliação de técnicas de reconciliação em séries hierárquicas de consumo de energia",2021,"Anais do Simpósio Brasileiro de Pesquisa Operacional","Galoa","https://doi.org/10.59254/sbpo-2021-131618","",66,"2025-09-04 18:46:49","proceedings-article","10.59254/sbpo-2021-131618","2965-1476","",,,,,0,0.00,0,3,4,"","",""
0,"Tales Moreira Tavares, Caio dos Santos, Christiano Lyra Filho","Modelo PLIM para o Problema de Localização, Dimensionamento e Operação de Sistemas de Armazenamento de Energia Elétrica em Redes de Distribuição",2021,"Anais do Simpósio Brasileiro de Pesquisa Operacional","Galoa","https://doi.org/10.59254/sbpo-2021-131649","",67,"2025-09-04 18:46:49","proceedings-article","10.59254/sbpo-2021-131649","2965-1476","",,,,,0,0.00,0,3,4,"","",""
0,"","",2021,"Anais do Simpósio Brasileiro de Pesquisa Operacional","Galoa","https://doi.org/10.59254/sbpo-2021","",68,"2025-09-04 18:46:49","proceedings","10.59254/sbpo-2021","2965-1476","",,,,,0,0.00,0,0,4,"","",""
0,"Felipe Martins Muller, Iaê Bonilha, Veridiane Bárbara De Souza, Vanessa Schneider, Greici Cruz, Michalis Mavrovouniotis, Gédson Dal Forno","COMBINING TABU SEARCH AND GENETIC ALGORITHMS TO SOLVE THE DIRECT MARKETING PROBLEM CONSIDERING CANNIBALISM BETWEEN PRODUCTS",2021,"Anais do Simpósio Brasileiro de Pesquisa Operacional","Galoa","https://doi.org/10.59254/sbpo-2021-131401","",69,"2025-09-04 18:46:49","proceedings-article","10.59254/sbpo-2021-131401","2965-1476","",,,,,0,0.00,0,7,4,"","",""
0,"Eduardo Teixeira, Silvio A. de Araujo, Drielly Alves de Carvalho, Marcos Felipe Scalabrin, Guilherme Willian Carlos","Problema do Caixeiro Viajante Hierárquico: Uma Aplicação no Controle de Formigas em uma Indústria de Papel e Celulose",2021,"Anais do Simpósio Brasileiro de Pesquisa Operacional","Galoa","https://doi.org/10.59254/sbpo-2021-131578","",70,"2025-09-04 18:46:49","proceedings-article","10.59254/sbpo-2021-131578","2965-1476","",,,,,0,0.00,0,5,4,"","",""
0,"Igor Eduardo Santos De Melo, Raphael Kramer","Uma abordagem heurística para o Multi-Period School Bus Routing Problem",2021,"Anais do Simpósio Brasileiro de Pesquisa Operacional","Galoa","https://doi.org/10.59254/sbpo-2021-131505","",71,"2025-09-04 18:46:49","proceedings-article","10.59254/sbpo-2021-131505","2965-1476","",,,,,0,0.00,0,2,4,"","",""
0,"Maria Clara de Oliveira Gê, Lucia Reis Roselli, Adiel T. de Almeida","USO DE NEUROCIÊNCIA EM DECISÃO PARA EXPLORAR A ELICITAÇÃO POR DECOMPOSIÇÃO NO MÉTODO FITRADEOFF VERSUS NO PROCEDIMENTO TRADEOFF",2021,"Anais do Simpósio Brasileiro de Pesquisa Operacional","Galoa","https://doi.org/10.59254/sbpo-2021-131541","",72,"2025-09-04 18:46:49","proceedings-article","10.59254/sbpo-2021-131541","2965-1476","",,,,,0,0.00,0,3,4,"","",""
0,"Renata Augusta Dantas Soares, Mariane Dalyston Silva, Ciro Figueiredo","SISTEMA PARTICIPATIVO PARA PRIROIZAÇÃO DE AÇÕES DE CARÁTER PÚBLICO",2021,"Anais do Simpósio Brasileiro de Pesquisa Operacional","Galoa","https://doi.org/10.59254/sbpo-2021-131583","",73,"2025-09-04 18:46:49","proceedings-article","10.59254/sbpo-2021-131583","2965-1476","",,,,,0,0.00,0,3,4,"","",""
0,"Rômulo Borges de Almeida, Bruno Fonseca do Carmo, Antonio Almeida de Barros Junior, Giovanni Correia Vieira, Geraldo Mauri, Gilson Silva","ALGORITMO ILS PARA O PROBLEMA DE TRANSPORTE DE MÁQUINAS EM FLORESTA DE PRODUÇÃO",2021,"Anais do Simpósio Brasileiro de Pesquisa Operacional","Galoa","https://doi.org/10.59254/sbpo-2021-131626","",74,"2025-09-04 18:46:49","proceedings-article","10.59254/sbpo-2021-131626","2965-1476","",,,,,0,0.00,0,6,4,"","",""
0,"NERY FILHO, Anderson Machado, Gustavo Valentim Loch","Distribuição de veículos de socorro utilizando informação geográfica e otimização combinatória de p-medianas não capacitado",2021,"Anais do Simpósio Brasileiro de Pesquisa Operacional","Galoa","https://doi.org/10.59254/sbpo-2021-131361","",75,"2025-09-04 18:46:49","proceedings-article","10.59254/sbpo-2021-131361","2965-1476","",,,,,0,0.00,0,3,4,"","",""
0,"Gisela Fernandes Barros, Isis Didier Lins","SEQUENCIAMENTO ÓTIMO DE LOTES DE PRODUÇÃO EM UMA FÁBRICA DE SACOS INDUSTRIAIS DE PAPEL",2021,"Anais do Simpósio Brasileiro de Pesquisa Operacional","Galoa","https://doi.org/10.59254/sbpo-2021-131511","",76,"2025-09-04 18:46:49","proceedings-article","10.59254/sbpo-2021-131511","2965-1476","",,,,,0,0.00,0,2,4,"","",""
0,"Inêz Manuele dos Santos, Caroline Maria de Miranda Mota, Luciana Alencar, Thiago de Almeida Rodrigues","Aplicando o método multicritério FITradeoff para priorização de alternativas de processos da cadeia de suprimentos",2021,"Anais do Simpósio Brasileiro de Pesquisa Operacional","Galoa","https://doi.org/10.59254/sbpo-2021-131655","",77,"2025-09-04 18:46:49","proceedings-article","10.59254/sbpo-2021-131655","2965-1476","",,,,,0,0.00,0,4,4,"","",""
0,"Iago Pinheiro de Freitas, Victor Claudio Bento Camargo","HEURÍSTICAS DE FACTIBILIZAÇÃO PARA A RELAXAÇÃO SURROGATE DO PROBLEMA DE DIMENSIONAMENTO DE LOTES EM FUNDIÇÕES DE PEQUENO PORTE",2021,"Anais do Simpósio Brasileiro de Pesquisa Operacional","Galoa","https://doi.org/10.59254/sbpo-2021-131419","",78,"2025-09-04 18:46:49","proceedings-article","10.59254/sbpo-2021-131419","2965-1476","",,,,,0,0.00,0,2,4,"","",""
0,"Marcus Vinícius Gonçalves Rodrigues, Marcos Santos, Carlos Francisco Simões Gomes","Ordenação de helicópteros para atendimento offshore a partir do método multicritério AHP-TOPSIS-2N",2021,"Anais do Simpósio Brasileiro de Pesquisa Operacional","Galoa","https://doi.org/10.59254/sbpo-2021-131467","",79,"2025-09-04 18:46:49","proceedings-article","10.59254/sbpo-2021-131467","2965-1476","",,,,,0,0.00,0,3,4,"","",""
0,"Cleber Oliveira","APLICAÇÃO DOS ALGORITMOS DE MÍNIMOS QUADRADOS PARA LOCALIZAÇÃO DE VEÍCULO",2021,"Anais do Simpósio Brasileiro de Pesquisa Operacional","Galoa","https://doi.org/10.59254/sbpo-2021-131514","",80,"2025-09-04 18:46:49","proceedings-article","10.59254/sbpo-2021-131514","2965-1476","",,,,,0,0.00,0,1,4,"","",""
0,"Letiane Borges Pereira, André Andrade Longaray","PROPOSTA DE MODELO MATEMÁTICO MULTICRITÉRIO DISCRETO PARA O APOIO À DECISÃO NA GESTÃO DO SERVIÇO DE ATENDIMENTO DE OCORRÊNCIAS",2021,"Anais do Simpósio Brasileiro de Pesquisa Operacional","Galoa","https://doi.org/10.59254/sbpo-2021-131398","",81,"2025-09-04 18:46:49","proceedings-article","10.59254/sbpo-2021-131398","2965-1476","",,,,,0,0.00,0,2,4,"","",""
0,"Fabrício Carvalho","Uma sistemática para priorização de projetos de de ciência, tecnologia e inovação para o Corpo de Fuzileiros Navais",2021,"Anais do Simpósio Brasileiro de Pesquisa Operacional","Galoa","https://doi.org/10.59254/sbpo-2021-131381","",82,"2025-09-04 18:46:49","proceedings-article","10.59254/sbpo-2021-131381","2965-1476","",,,,,0,0.00,0,1,4,"","",""
0,"Rafael da Silva Vilete, Pedro Henrique Amancio de Carvalho, Jucélio Alvaro Garcia do Nascimento, Mischel Carmen Neyra Belderrain, Amanda Cecília Simões da Silva","DESAFIOS DA PROGRESSÃO OPERACIONAL DO PILOTO DA AVIAÇÃO ALPHA EM RETORNAR PARA UNIDADES DE INSTRUÇÃO AÉREA: UMA APLICAÇÃO DO SSM",2021,"Anais do Simpósio Brasileiro de Pesquisa Operacional","Galoa","https://doi.org/10.59254/sbpo-2021-131624","",83,"2025-09-04 18:46:49","proceedings-article","10.59254/sbpo-2021-131624","2965-1476","",,,,,0,0.00,0,5,4,"","",""
0,"Leandro de Mattos Bento Soares, Marcos Santos","ESTUDO DE LOCALIZAÇÃO PARA INSTALAÇÃO DOS HOSPITAIS DE CAMPANHA NO COMBATE À SEGUNDA ONDA DE CONTÁGIO DE COVID-19: UMA ABORDAGEM A PARTIR DO MÉTODO DAS P-MEDIANAS",2021,"Anais do Simpósio Brasileiro de Pesquisa Operacional","Galoa","https://doi.org/10.59254/sbpo-2021-131391","",84,"2025-09-04 18:46:49","proceedings-article","10.59254/sbpo-2021-131391","2965-1476","",,,,,0,0.00,0,2,4,"","",""
0,"Cecília Aparecida Pereira, Júlia Barros dos Santos, Afonso Teberga Campos, Josiane Palma Lima, Renato da Silva Lima, José Arnaldo Barra Montevechi","COMPARAÇÃO ENTRE DIFERENTES ESCALAS DE TRABALHO PARA MINIMIZAÇÃO DE CUSTOS: UM MODELO DE PROGRAMAÇÃO LINEAR APLICADO EM UM PRONTO ATENDIMENTO PARA COVID-19",2021,"Anais do Simpósio Brasileiro de Pesquisa Operacional","Galoa","https://doi.org/10.59254/sbpo-2021-131375","",85,"2025-09-04 18:46:49","proceedings-article","10.59254/sbpo-2021-131375","2965-1476","",,,,,0,0.00,0,6,4,"","",""
0,"Tatiane Roldão Bastos, André Andrade Longaray","ALGORITMOS GENÉTICOS APLICADOS À MÉTODOS MULTICRITÉRIO: UMA REVISÃO SISTEMÁTICA DA LITERATURA",2021,"Anais do Simpósio Brasileiro de Pesquisa Operacional","Galoa","https://doi.org/10.59254/sbpo-2021-131468","",86,"2025-09-04 18:46:49","proceedings-article","10.59254/sbpo-2021-131468","2965-1476","",,,,,0,0.00,0,2,4,"","",""
0,"Camila Guimarães M. de F. Alves, Lidia Angulo Meza","ESTUDO DE MODELOS SBM PARA REDES DE DUAS ETAPAS SOB UMA PERSPECTIVA DE ALVOS E BENCHMARKS",2021,"Anais do Simpósio Brasileiro de Pesquisa Operacional","Galoa","https://doi.org/10.59254/sbpo-2021-131495","",87,"2025-09-04 18:46:49","proceedings-article","10.59254/sbpo-2021-131495","2965-1476","",,,,,0,0.00,0,2,4,"","",""
0,"Guilherme Faveret, Soraida Aguilar, Fernanda Baiao, Paulo Henrique Simões, Paula Maçaira","ESTUDO DE SIMILARIDADE DA EVOLUÇÃO DA COVID-19 NOS ESTADOS BRASILEIROS",2021,"Anais do Simpósio Brasileiro de Pesquisa Operacional","Galoa","https://doi.org/10.59254/sbpo-2021-131628","",88,"2025-09-04 18:46:49","proceedings-article","10.59254/sbpo-2021-131628","2965-1476","",,,,,0,0.00,0,5,4,"","",""
0,"Victor José de Sousa Koehler, David Pereira Galvão Júnior, Thiago Gouveia, Gilberto Farias de Sousa Filho","Métodos Exatos para o Problema da Árvore de Cobertura com Representação Mínima",2021,"Anais do Simpósio Brasileiro de Pesquisa Operacional","Galoa","https://doi.org/10.59254/sbpo-2021-131484","",89,"2025-09-04 18:46:49","proceedings-article","10.59254/sbpo-2021-131484","2965-1476","",,,,,0,0.00,0,4,4,"","",""
0,"Paulo Henrique Rodrigues, José Maurício Costa","Um estudo sobre a otimização da gestão da alimentação em escolas públicas",2021,"Anais do Simpósio Brasileiro de Pesquisa Operacional","Galoa","https://doi.org/10.59254/sbpo-2021-131622","",90,"2025-09-04 18:46:49","proceedings-article","10.59254/sbpo-2021-131622","2965-1476","",,,,,0,0.00,0,2,4,"","",""
0,"Anderson Lino de Paula Martins, Alyson Benoni Matias Pereira, Yago Toledo Lima, Alexandre Ferreira de Pinho, José Arnaldo Barra Montevechi","Integrando Inteligência Artificial no Software AnyLogic® utilizando Pathmind®",2021,"Anais do Simpósio Brasileiro de Pesquisa Operacional","Galoa","https://doi.org/10.59254/sbpo-2021-131400","",91,"2025-09-04 18:46:49","proceedings-article","10.59254/sbpo-2021-131400","2965-1476","",,,,,0,0.00,0,5,4,"","",""
0,"João Thompson, Fabio Protti, Loana Tito Nogueira, Raquel Bravo","M-Partições em Cografos",2021,"Anais do Simpósio Brasileiro de Pesquisa Operacional","Galoa","https://doi.org/10.59254/sbpo-2021-131377","",92,"2025-09-04 18:46:49","proceedings-article","10.59254/sbpo-2021-131377","2965-1476","",,,,,0,0.00,0,4,4,"","",""
0,"Rodrigo Felipe da Silva Mendes, Felipe Leite Coelho da Silva, Kleyton Vieira Sales da Costa","Um Estudo Comparativo de Modelos de Previsão para o Consumo de Eletricidade da Indústria de Cimento no Brasil",2021,"Anais do Simpósio Brasileiro de Pesquisa Operacional","Galoa","https://doi.org/10.59254/sbpo-2021-131652","",93,"2025-09-04 18:46:49","proceedings-article","10.59254/sbpo-2021-131652","2965-1476","",,,,,0,0.00,0,3,4,"","",""
0,"Lucas Araújo dos Santos, Ana Flávia Alves dos Santos, Flavio Leite Rodrigues, Ricardo Pires","ABORDAGEM MULTICRITÉRIO NO PROCESSO DE SELEÇÃO DE AÇÕES DE CONTROLE DO AEDES AEGYPTI EM CENÁRIO DE TRANSMISSÃO ELEVADA",2021,"Anais do Simpósio Brasileiro de Pesquisa Operacional","Galoa","https://doi.org/10.59254/sbpo-2021-131497","",94,"2025-09-04 18:46:49","proceedings-article","10.59254/sbpo-2021-131497","2965-1476","",,,,,0,0.00,0,4,4,"","",""
0,"Fabrício Carlos Schmidt, Andre Luis Korzenowski, Lucas Schmidt Goecks, Ismael Becker Gomes, Vanderlei Giovani Benetti","A DIGITALIZATION PROCESS TO IMPROVE THE PRODUCTION SYSTEM IN THE AUTOMOTIVE INDUSTRY",2021,"Anais do Simpósio Brasileiro de Pesquisa Operacional","Galoa","https://doi.org/10.59254/sbpo-2021-131393","",95,"2025-09-04 18:46:49","proceedings-article","10.59254/sbpo-2021-131393","2965-1476","",,,,,0,0.00,0,5,4,"","",""
0,"Mariana Muller Braga, João Paulo Neves da Silva, Alexandre Meira de Vasconcelos, Carolina Lino Martins, João Batista Sarmento dos Santos Neto","AVALIAÇÃO DO NÍVEL DE SATISFAÇÃO DE ALUNOS DE CURSOS DE ENGENHARIA POR MEIO DE LÓGICA FUZZY",2021,"Anais do Simpósio Brasileiro de Pesquisa Operacional","Galoa","https://doi.org/10.59254/sbpo-2021-131547","",96,"2025-09-04 18:46:49","proceedings-article","10.59254/sbpo-2021-131547","2965-1476","",,,,,0,0.00,0,5,4,"","",""
0,"Daiane de Souza Oliveira, Soraida Aguilar, Reinaldo Castro Souza","Previsão da curva de carga horária do Sistema Interligado Nacional (SIN) utilizando métodos de suavização exponencial",2021,"Anais do Simpósio Brasileiro de Pesquisa Operacional","Galoa","https://doi.org/10.59254/sbpo-2021-131567","",97,"2025-09-04 18:46:49","proceedings-article","10.59254/sbpo-2021-131567","2965-1476","",,,,,0,0.00,0,3,4,"","",""
0,"Rafael Maranhão Rego Praxedes, Teobaldo Bulhoes, Anand Subramanian, Eduardo Uchoa","Abordagem exata para duas variantes do problema de roteamento de veículos com coleta e entrega simultâneas",2021,"Anais do Simpósio Brasileiro de Pesquisa Operacional","Galoa","https://doi.org/10.59254/sbpo-2021-131633","",98,"2025-09-04 18:46:49","proceedings-article","10.59254/sbpo-2021-131633","2965-1476","",,,,,0,0.00,0,4,4,"","",""
0,"Welverton R. da Silva, Rafael Crivellari Saliba Schouery, Fábio Luiz Usberti","Modelos Matemáticos para o Problema de Compartilhamento de Veículos Elétricos",2021,"Anais do Simpósio Brasileiro de Pesquisa Operacional","Galoa","https://doi.org/10.59254/sbpo-2021-131372","",99,"2025-09-04 18:46:49","proceedings-article","10.59254/sbpo-2021-131372","2965-1476","",,,,,0,0.00,0,3,4,"","",""
0,"Bruno Santos de Miranda, Akebo Yamakami, Priscila Rampazzo","AN OPTIMAL STRATEGY FOR SCHEDULING SEED POPULATIONS",2021,"Anais do Simpósio Brasileiro de Pesquisa Operacional","Galoa","https://doi.org/10.59254/sbpo-2021-131508","",100,"2025-09-04 18:46:49","proceedings-article","10.59254/sbpo-2021-131508","2965-1476","",,,,,0,0.00,0,3,4,"","",""
0,"Isis da Silva Vieira, Ana Paula Cabral Seixas Costa","MODELO DE PRIORIZAÇÃO DE ATIVIDADES DE MANUTENÇÕES CORRETIVAS EM ATIVOS FÍSICOS UTILIZANDO O MÉTODO FITRADEOFF",2021,"Anais do Simpósio Brasileiro de Pesquisa Operacional","Galoa","https://doi.org/10.59254/sbpo-2021-131415","",101,"2025-09-04 18:46:49","proceedings-article","10.59254/sbpo-2021-131415","2965-1476","",,,,,0,0.00,0,2,4,"","",""
0,"Luiz Fernando Rodrigues, Maristela Oliveira dos Santos, Bernardo Sobrinho Simões de Almada-Lobo","Um Algoritmo Memético Aplicado ao Problema de Roteamento e Produção",2021,"Anais do Simpósio Brasileiro de Pesquisa Operacional","Galoa","https://doi.org/10.59254/sbpo-2021-131395","",102,"2025-09-04 18:46:49","proceedings-article","10.59254/sbpo-2021-131395","2965-1476","",,,,,0,0.00,0,3,4,"","",""
0,"Mariana Mendes da Silva, Fernanda Couto","Problemas Probe e Sanduíche para Grafos Cordais: um relacionamento aleatório",2021,"Anais do Simpósio Brasileiro de Pesquisa Operacional","Galoa","https://doi.org/10.59254/sbpo-2021-131638","",103,"2025-09-04 18:46:49","proceedings-article","10.59254/sbpo-2021-131638","2965-1476","",,,,,0,0.00,0,2,4,"","",""
0,"Gustavo Barbi Vieira, Sarah da Silva Pereira, Luiz Leduino de Salles Neto","Modelo Matemático para Otimização dos Lucros da Malha de Exportação de Produtos por meio do Modal Marítimo",2021,"Anais do Simpósio Brasileiro de Pesquisa Operacional","Galoa","https://doi.org/10.59254/sbpo-2021-131526","",104,"2025-09-04 18:46:49","proceedings-article","10.59254/sbpo-2021-131526","2965-1476","",,,,,0,0.00,0,3,4,"","",""
0,"Samuel Martins Drei, Lidia Angulo Meza","ESTUDO DA EFICIÊNCIA DE HOSPITAIS PÚBLICOS BRASILEIROS DEDIFERENTES PORTES UTILIZANDO ANÁLISE ENVOLTÓRIA DEDADOS (DEA)",2021,"Anais do Simpósio Brasileiro de Pesquisa Operacional","Galoa","https://doi.org/10.59254/sbpo-2021-131461","",105,"2025-09-04 18:46:49","proceedings-article","10.59254/sbpo-2021-131461","2965-1476","",,,,,0,0.00,0,2,4,"","",""
0,"Lucas Daniel del Rosso Calache, Victor Claudio Bento Camargo, Lauro Osiro, Luiz Carpinetti","Algoritmos Evolutivos Aplicados à Tomada De Decisão Em Grupo",2021,"Anais do Simpósio Brasileiro de Pesquisa Operacional","Galoa","https://doi.org/10.59254/sbpo-2021-131416","",106,"2025-09-04 18:46:49","proceedings-article","10.59254/sbpo-2021-131416","2965-1476","",,,,,0,0.00,0,4,4,"","",""
0,"Williane de Oliveira Silva Soares, Anrafel de S. Barbosa, Gabriel Henrique Pereira Nascimento, Lucas Matheus O. da Silva, Rogério Santana Peruchi","PLANEJAMENTO E ANÁLISE DE EXPERIMENTOS: UM ESTUDO DIDÁTICO PARA RESFRIAMENTO DE CERVEJA",2021,"Anais do Simpósio Brasileiro de Pesquisa Operacional","Galoa","https://doi.org/10.59254/sbpo-2021-131475","",107,"2025-09-04 18:46:49","proceedings-article","10.59254/sbpo-2021-131475","2965-1476","",,,,,0,0.00,0,5,4,"","",""
0,"AYRTON B. G. DO COUTO, Luis Alberto Duncan Rangel","PROPOSIÇÃO DE MODELO DE AVALIAÇÃO DA SUSTENTABILIDADE E DESEMPENHO DE EMPRESAS DO SETOR ELÉTRICO BRASILEIRO COM BASE EM APOIO MULTICRITÉRIO E MACHINE LEARNING",2021,"Anais do Simpósio Brasileiro de Pesquisa Operacional","Galoa","https://doi.org/10.59254/sbpo-2021-131443","",108,"2025-09-04 18:46:49","proceedings-article","10.59254/sbpo-2021-131443","2965-1476","",,,,,0,0.00,0,2,4,"","",""
0,"Lucas Miguel Alencar De Morais Correia, Adriana Cavalcante Marques, Maria Luíza Da Silva, Eduarda Frej, Danielle Morais","SISTEMA DE NEGOCIAÇÃO ELETRÔNICA BASEADO NA ELICITAÇÃO FLEXÍVEL COM INFORMAÇÃO PARCIAL DAS PREFERÊNCIAS DE NEGOCIADORES",2021,"Anais do Simpósio Brasileiro de Pesquisa Operacional","Galoa","https://doi.org/10.59254/sbpo-2021-131412","",109,"2025-09-04 18:46:49","proceedings-article","10.59254/sbpo-2021-131412","2965-1476","",,,,,0,0.00,0,5,4,"","",""
0,"Yan Toledo, Wandry Rodrigues Faria, Benvindo Rodrigues Pereira Junior","Restoration Method for Active Distribution Networks Considering Black Start",2021,"Anais do Simpósio Brasileiro de Pesquisa Operacional","Galoa","https://doi.org/10.59254/sbpo-2021-131441","",110,"2025-09-04 18:46:49","proceedings-article","10.59254/sbpo-2021-131441","2965-1476","",,,,,0,0.00,0,3,4,"","",""
0,"Layane Rodrigues De Souza Queiroz, Marina Andretta","PROBLEMA DA MOCHILA COM ITENS IRREGULARES E INCERTEZA NOS DEFEITOS DA PLACA",2021,"Anais do Simpósio Brasileiro de Pesquisa Operacional","Galoa","https://doi.org/10.59254/sbpo-2021-131425","",111,"2025-09-04 18:46:49","proceedings-article","10.59254/sbpo-2021-131425","2965-1476","",,,,,0,0.00,0,2,4,"","",""
0,"Jardell Fillipe da Silva, Maria Amélia Lopes Silva, Sergio Ricardo de Souza, Marcone Jamilson Freitas Souza","Agente VNS_AMAM aplicado ao CMAp-HCP: uma abordagem multiagente.",2021,"Anais do Simpósio Brasileiro de Pesquisa Operacional","Galoa","https://doi.org/10.59254/sbpo-2021-131650","",112,"2025-09-04 18:46:49","proceedings-article","10.59254/sbpo-2021-131650","2965-1476","",,,,,0,0.00,0,4,4,"","",""
0,"Heloisa Vasques da Silva, Felipe Kesrouani Lemos, Silvio A. de Araujo","O problema de corte de estoque com modos alternativos de manufatura: uma comparação de modelos de fluxo em arcos",2021,"Anais do Simpósio Brasileiro de Pesquisa Operacional","Galoa","https://doi.org/10.59254/sbpo-2021-131396","",113,"2025-09-04 18:46:49","proceedings-article","10.59254/sbpo-2021-131396","2965-1476","",,,,,0,0.00,0,3,4,"","",""
0,"Leonardo Antonio Monteiro Pessôa, Raphael Correa Silva, Rodrigo José Pires Ferreira, Helder Gomes Costa","Proposta de aprimoramento do modelo CPC, durante um jogo de guerra,utilizando FITradeoff",2021,"Anais do Simpósio Brasileiro de Pesquisa Operacional","Galoa","https://doi.org/10.59254/sbpo-2021-131525","",114,"2025-09-04 18:46:49","proceedings-article","10.59254/sbpo-2021-131525","2965-1476","",,,,,0,0.00,0,4,4,"","",""
0,"FERNANDA ESTEVES, Davi Silva de Jesus, Fabricio Maione Tenório, Marcos Santos, Carlos Francisco Simões Gomes","Seleção de um Helicóptero de Ataque a ser Empregado em Apoio às Operações Anfíbias da Marinha do Brasil por Meio da Abordagem VFT e do Método THOR 2",2021,"Anais do Simpósio Brasileiro de Pesquisa Operacional","Galoa","https://doi.org/10.59254/sbpo-2021-131563","",115,"2025-09-04 18:46:49","proceedings-article","10.59254/sbpo-2021-131563","2965-1476","",,,,,0,0.00,0,5,4,"","",""
0,"Leonardo Ramos Rodrigues, João Paulo Gomes","A Bi-objective Grey Wolf Optimizer with a Dynamic Number of Leaders Applied to Spare Parts Stock Level Optimization Problems",2021,"Anais do Simpósio Brasileiro de Pesquisa Operacional","Galoa","https://doi.org/10.59254/sbpo-2021-131362","",116,"2025-09-04 18:46:49","proceedings-article","10.59254/sbpo-2021-131362","2965-1476","",,,,,0,0.00,0,2,4,"","",""
0,"Felipe Martins Muller, Angelita Pezzi Pasqualon Bridi, Scheila Daiana Severo Hollveg, Suzianne Miranda Tormann","HEURÍSTICAS E ADEQUAÇÕES DO MODELO MATEMÁTICO APLICADOS AO PROBLEMA DE PROGRAMAÇÃO DE TAREFAS EM MÚLTIPLAS FÁBRICAS COM MÁQUINAS PARALELAS RELACIONADAS",2021,"Anais do Simpósio Brasileiro de Pesquisa Operacional","Galoa","https://doi.org/10.59254/sbpo-2021-131390","",117,"2025-09-04 18:46:49","proceedings-article","10.59254/sbpo-2021-131390","2965-1476","",,,,,0,0.00,0,4,4,"","",""
0,"Carlos Leonardo Ramos Póvoa, André Soares Velasco, Frederico Galaxe Paes, Paola da Conceição da Penha da Silva","PROBLEMA DE ROTEIRIZAÇÃO DE ORDENS DE SERVIÇO COM FROTA LIMITADA E HETEROGENEA",2021,"Anais do Simpósio Brasileiro de Pesquisa Operacional","Galoa","https://doi.org/10.59254/sbpo-2021-131437","",118,"2025-09-04 18:46:49","proceedings-article","10.59254/sbpo-2021-131437","2965-1476","",,,,,0,0.00,0,4,4,"","",""
0,"Igor de Andrade Junqueira, Lorenza Leão Oliveira Moreno, Luciana Brugiolo Gonçalves, Stênio Sã Rosário Furtado Soares","A Hybrid Approach to Time-Dependent Vehicle Routing Problem with TimeWindows in Green Logistic",2021,"Anais do Simpósio Brasileiro de Pesquisa Operacional","Galoa","https://doi.org/10.59254/sbpo-2021-131660","",119,"2025-09-04 18:46:49","proceedings-article","10.59254/sbpo-2021-131660","2965-1476","",,,,,0,0.00,0,4,4,"","",""
0,"Lucas Porfirio da Silva, Diego Rocha","Um algoritmo de escalonamento de horários para IFCE-Campus Aracati baseado em preferências",2021,"Anais do Simpósio Brasileiro de Pesquisa Operacional","Galoa","https://doi.org/10.59254/sbpo-2021-131627","",120,"2025-09-04 18:46:49","proceedings-article","10.59254/sbpo-2021-131627","2965-1476","",,,,,0,0.00,0,2,4,"","",""
0,"Antonio Rocha, Ademir Cardoso da Silva","Uso de Técnicas Multicritério para Escolha e Contratação de Provedores de Nuvens Seguros",2021,"Anais do Simpósio Brasileiro de Pesquisa Operacional","Galoa","https://doi.org/10.59254/sbpo-2021-131458","",121,"2025-09-04 18:46:49","proceedings-article","10.59254/sbpo-2021-131458","2965-1476","",,,,,0,0.00,0,2,4,"","",""
0,"Luis Felipe Bueno, Mateus Polizeli, Maurício Vidotti Fernandes, Camila Bertini Martins","Uma combinação dos algoritmos Isolation Forest e K-Means aplicada às Eleições Brasileiras",2021,"Anais do Simpósio Brasileiro de Pesquisa Operacional","Galoa","https://doi.org/10.59254/sbpo-2021-131519","",122,"2025-09-04 18:46:49","proceedings-article","10.59254/sbpo-2021-131519","2965-1476","",,,,,0,0.00,0,4,4,"","",""
0,"Glauco Barbosa, Phelipe Medeiros da Rocha, Helder Gomes Costa","Sorting of White Wines from Minho Region: An Experimental Analysis with CPP-TRI Method",2021,"Anais do Simpósio Brasileiro de Pesquisa Operacional","Galoa","https://doi.org/10.59254/sbpo-2021-131586","",123,"2025-09-04 18:46:49","proceedings-article","10.59254/sbpo-2021-131586","2965-1476","",,,,,0,0.00,0,3,4,"","",""
0,"André Barreira da Silva Rocha, Matheus Oliveira Meirim, Lara Corrêa Nogueira","Jogo Evolucionário para Estudo dos Efeitos da Pandemia de COVID-19 sobre o Comércio Eletrônico",2021,"Anais do Simpósio Brasileiro de Pesquisa Operacional","Galoa","https://doi.org/10.59254/sbpo-2021-131457","",124,"2025-09-04 18:46:49","proceedings-article","10.59254/sbpo-2021-131457","2965-1476","",,,,,0,0.00,0,3,4,"","",""
0,"Guilherme Baumgratz Figueiroa, George Henrique Godim da Fonseca, Túlio Ângelo Machado Toffolo","A Matheuristic to the Unrelated Parallel Machine Scheduling Problem",2021,"Anais do Simpósio Brasileiro de Pesquisa Operacional","Galoa","https://doi.org/10.59254/sbpo-2021-131442","",125,"2025-09-04 18:46:49","proceedings-article","10.59254/sbpo-2021-131442","2965-1476","",,,,,0,0.00,0,3,4,"","",""
0,"Duan Vilela Ferreira, Elson Emanuel Melo Sousa, Ana Paula Henriques de Gusmão","AVALIAÇÃO DE MODELOS DE MATURIDADE DA INDÚSTRIA 4.0: UMA ABORDAGEM BASEADA NO FITRADEOFF",2021,"Anais do Simpósio Brasileiro de Pesquisa Operacional","Galoa","https://doi.org/10.59254/sbpo-2021-131574","",126,"2025-09-04 18:46:49","proceedings-article","10.59254/sbpo-2021-131574","2965-1476","",,,,,0,0.00,0,3,4,"","",""
0,"Cristiane Perla Castro Sant'Anna, Aldsmythys Costa Cruz, Lucio Silva","PLANEJAMENTO DE REGULAÇÃO DE TENSÃO DO SETOR ELÉTRICO: UMA APLICAÇÃO BASEADA EM DECISÃO MULTICRITÉRIO",2021,"Anais do Simpósio Brasileiro de Pesquisa Operacional","Galoa","https://doi.org/10.59254/sbpo-2021-131562","",127,"2025-09-04 18:46:49","proceedings-article","10.59254/sbpo-2021-131562","2965-1476","",,,,,0,0.00,0,3,4,"","",""
0,"Evelyn Michelle Henrique Braga, Luiz Leduino de Salles Neto","Modelagem e Resolução do Problema de Layout de Facilidades de Áreas Desiguais com Locais de Entrada e Saída",2021,"Anais do Simpósio Brasileiro de Pesquisa Operacional","Galoa","https://doi.org/10.59254/sbpo-2021-131474","",128,"2025-09-04 18:46:49","proceedings-article","10.59254/sbpo-2021-131474","2965-1476","",,,,,0,0.00,0,2,4,"","",""
0,"Erick Meira, Fernando Cyrino, Paula Maçaira","Modelagem e previsão do consumo nacional horário de energia por métodos de sazonalidade complexa",2021,"Anais do Simpósio Brasileiro de Pesquisa Operacional","Galoa","https://doi.org/10.59254/sbpo-2021-131414","",129,"2025-09-04 18:46:49","proceedings-article","10.59254/sbpo-2021-131414","2965-1476","",,,,,0,0.00,0,3,4,"","",""
0,"Rafael Pedro Longhi, Gustavo Cunha de Bittencourt, Virgílio José Martins Ferreira Filho","A location-allocation model for the hotel selection problem: a case study considering a travel along Japan with the Japan Rail Pass",2021,"Anais do Simpósio Brasileiro de Pesquisa Operacional","Galoa","https://doi.org/10.59254/sbpo-2021-131465","",130,"2025-09-04 18:46:49","proceedings-article","10.59254/sbpo-2021-131465","2965-1476","",,,,,0,0.00,0,3,4,"","",""
0,"André Renato Villela da Silva","Algoritmos eficientes para o Problema de Escalonamento de Projetos com Múltiplas Habilidades",2021,"Anais do Simpósio Brasileiro de Pesquisa Operacional","Galoa","https://doi.org/10.59254/sbpo-2021-131518","",131,"2025-09-04 18:46:49","proceedings-article","10.59254/sbpo-2021-131518","2965-1476","",,,,,0,0.00,0,1,4,"","",""
0,"José Fernando Basso Brancalion, Italo Aguiar","O USO DE SIMULAÇÃO NO PROCESSO DE ANÁLISE OPERACIONAL DE AERONAVES MILITARES APLICADO EM COMBATE AÉREO ALÉM DO CAMPO VISUAL (BVR)",2021,"Anais do Simpósio Brasileiro de Pesquisa Operacional","Galoa","https://doi.org/10.59254/sbpo-2021-131460","",132,"2025-09-04 18:46:49","proceedings-article","10.59254/sbpo-2021-131460","2965-1476","",,,,,0,0.00,0,2,4,"","",""
0,"Maria Elvira Borges Tunú Pessoa, Danielle Morais, Vanessa Batista Schramm","ANÁLISE DO PERÍMETRO IRRIGADO DE SÚME-PB COM O USO DO VFT E O MÉTODO FITRADEOFF",2021,"Anais do Simpósio Brasileiro de Pesquisa Operacional","Galoa","https://doi.org/10.59254/sbpo-2021-131555","",133,"2025-09-04 18:46:49","proceedings-article","10.59254/sbpo-2021-131555","2965-1476","",,,,,0,0.00,0,3,4,"","",""
0,"Lucas Ginez Leão Oliveira, Alejandra Tabares, Norberto Abrante Martinez, ​​Lucas Teles de Faria, José Francisco Resende, John Franco","Modelo de Programação Linear Inteira Mista para o Dimensionamento Ótimo de uma Microrrede para Atendimento de Serviços Auxiliares de Subestações Durante Falhas na Alimentação",2021,"Anais do Simpósio Brasileiro de Pesquisa Operacional","Galoa","https://doi.org/10.59254/sbpo-2021-131621","",134,"2025-09-04 18:46:49","proceedings-article","10.59254/sbpo-2021-131621","2965-1476","",,,,,0,0.00,0,6,4,"","",""
0,"Gustavo Teodoro Gabriel, João Victor Soares do Amaral, Gustavo Santos Coutinho, Rafael Hummel Santos, José Antonio de Queiroz, José Arnaldo Barra Montevechi","DISCRETE EVENT SIMULATION TO IMPROVE AN AMBULATORY ENDOSCOPY CENTER IN THE COVID-19 PANDEMIC",2021,"Anais do Simpósio Brasileiro de Pesquisa Operacional","Galoa","https://doi.org/10.59254/sbpo-2021-131397","",135,"2025-09-04 18:46:49","proceedings-article","10.59254/sbpo-2021-131397","2965-1476","",,,,,0,0.00,0,6,4,"","",""
0,"Pauli Adriano de Almada Garcia, Tiago A. Neves, Carlos Magno Couto Jacinto, Gustavo Benitez Alvarez, Vanessa da Silva Garcia, Gustavos da Silva Motta, Marcos Vinicius da Silva Nobrega","PROPOSIÇÃO DE UMA ABORDAGEM PARA ALOCAÇÃO ÓTIMA DE REDUNDÂNCIAS E CONFIABILIDADE EM PROJETOS DE SISTEMAS COMPLEXOS",2021,"Anais do Simpósio Brasileiro de Pesquisa Operacional","Galoa","https://doi.org/10.59254/sbpo-2021-131363","",136,"2025-09-04 18:46:49","proceedings-article","10.59254/sbpo-2021-131363","2965-1476","",,,,,0,0.00,0,7,4,"","",""
0,"Thiago José dos Santos Vieira, Rafael Ajudarte de Campos, Pedro Munari","Otimização no transporte aéreo sob demanda com alocação de tripulação considerando descansos e horas extras",2021,"Anais do Simpósio Brasileiro de Pesquisa Operacional","Galoa","https://doi.org/10.59254/sbpo-2021-131551","",137,"2025-09-04 18:46:49","proceedings-article","10.59254/sbpo-2021-131551","2965-1476","",,,,,0,0.00,0,3,4,"","",""
0,"Mateus Müller Franco, Maria Luíza Da Silva","O USO DO VALUE-FOCUSED THINKING PARA APOIAR A ESTRUTURAÇÃO DE PROBLEMAS NA IMPLEMENTAÇÃO DE SISTEMAS DE INFORMAÇÃO EM GERENCIAMENTO DE PROJETOS",2021,"Anais do Simpósio Brasileiro de Pesquisa Operacional","Galoa","https://doi.org/10.59254/sbpo-2021-131531","",138,"2025-09-04 18:46:49","proceedings-article","10.59254/sbpo-2021-131531","2965-1476","",,,,,0,0.00,0,2,4,"","",""
0,"Erika Morais Martins Coelho, Hebert Coelho, Mateus de Paula Ferreira","Sobre os Números Clique Orientado Relativo e Absoluto em Algumas Classes de Grafos",2021,"Anais do Simpósio Brasileiro de Pesquisa Operacional","Galoa","https://doi.org/10.59254/sbpo-2021-131424","",139,"2025-09-04 18:46:49","proceedings-article","10.59254/sbpo-2021-131424","2965-1476","",,,,,0,0.00,0,3,4,"","",""
0,"Ana Flávia Ciríaco Moura, Thiago Noronha, Eduardo Theodoro Bogue","Uma heurística ILS para o Problema da Mochila com Penalidades",2021,"Anais do Simpósio Brasileiro de Pesquisa Operacional","Galoa","https://doi.org/10.59254/sbpo-2021-131552","",140,"2025-09-04 18:46:49","proceedings-article","10.59254/sbpo-2021-131552","2965-1476","",,,,,0,0.00,0,3,4,"","",""
0,"Suzianne Miranda Tormann, Viviane Köhler, Olinto Bassi de Araújo","Modelos de Programação Inteira Mista para a resolução de jogos do tipo quebra-cabeça",2021,"Anais do Simpósio Brasileiro de Pesquisa Operacional","Galoa","https://doi.org/10.59254/sbpo-2021-131635","",141,"2025-09-04 18:46:49","proceedings-article","10.59254/sbpo-2021-131635","2965-1476","",,,,,0,0.00,0,3,4,"","",""
0,"Ricardo Bruno Osés de Oliveira, Flávio Geraldo Coelho Rocha","Dimensionamento de Recursos em Maternidades Utilizando Modelo de Perda de Erlang",2021,"Anais do Simpósio Brasileiro de Pesquisa Operacional","Galoa","https://doi.org/10.59254/sbpo-2021-131546","",142,"2025-09-04 18:46:49","proceedings-article","10.59254/sbpo-2021-131546","2965-1476","",,,,,0,0.00,0,2,4,"","",""
0,"Igor Morais, Pablo Luiz Araújo Munhoz, Marcos A. Guerine, Pedro Henrique González","Uma heurística baseada em GRASP-VND para o Problema de Roteamento de Mula de Dados em Redes Mistas",2021,"Anais do Simpósio Brasileiro de Pesquisa Operacional","Galoa","https://doi.org/10.59254/sbpo-2021-131640","",143,"2025-09-04 18:46:49","proceedings-article","10.59254/sbpo-2021-131640","2965-1476","",,,,,0,0.00,0,4,4,"","",""
0,"Kerven Maciel Monteiro de Albuquerque, Rafael Cavalcante Chaves, Calebe Oliveira de Figueirêdo, Thiago Gouveia","Métodos exatos para o problema do fluxo com rotulação mínima",2021,"Anais do Simpósio Brasileiro de Pesquisa Operacional","Galoa","https://doi.org/10.59254/sbpo-2021-131609","",144,"2025-09-04 18:46:49","proceedings-article","10.59254/sbpo-2021-131609","2965-1476","",,,,,0,0.00,0,4,4,"","",""
0,"Javier Leonardo Pereira Retamales, Mateus Lima, Juliana Medeiros, Victor Vera","BI-CRITERIA AND SIMULATION ANALYSIS OF REVERSE BULLWHIP EFFECT IN A HIGH-TECH COMPANY",2021,"Anais do Simpósio Brasileiro de Pesquisa Operacional","Galoa","https://doi.org/10.59254/sbpo-2021-131607","",145,"2025-09-04 18:46:49","proceedings-article","10.59254/sbpo-2021-131607","2965-1476","",,,,,0,0.00,0,4,4,"","",""
0,"João Luiz Marques de Andrade, Gustavo Campos Menezes","Problema integrado de planejamento, sequenciamento, alocação de pátio e alocação de berço em terminais portuários graneleiros: Formulação e Algoritmos",2021,"Anais do Simpósio Brasileiro de Pesquisa Operacional","Galoa","https://doi.org/10.59254/sbpo-2021-131406","",146,"2025-09-04 18:46:49","proceedings-article","10.59254/sbpo-2021-131406","2965-1476","",,,,,0,0.00,0,2,4,"","",""
0,"Nathália Nunes de Melo, Rogério Santana Peruchi","Metodologia de Superfície de Resposta (RSM) Aplicada ao Processo de Manufatura Aditiva por Deposição Fundida (FDM) para Análise de Acurácia Dimensional",2021,"Anais do Simpósio Brasileiro de Pesquisa Operacional","Galoa","https://doi.org/10.59254/sbpo-2021-131577","",147,"2025-09-04 18:46:49","proceedings-article","10.59254/sbpo-2021-131577","2965-1476","",,,,,0,0.00,0,2,4,"","",""
0,"Jeanne Pereira, Filipe Saraiva","Análise Comparativa do Reactive GRASP usando Path-Relinking e Variable Neighborhood Search Aplicado ao Problema da Diversidade Máxima",2021,"Anais do Simpósio Brasileiro de Pesquisa Operacional","Galoa","https://doi.org/10.59254/sbpo-2021-131464","",148,"2025-09-04 18:46:49","proceedings-article","10.59254/sbpo-2021-131464","2965-1476","",,,,,0,0.00,0,2,4,"","",""
0,"lucas lima, Francisco Ramos","ANÁLISE DA VIABILIDADE DA PARCERIA PÚBLICO-PRIVADA: UMA APLICAÇÃO DO EQUILIBRIO BAYESIANO PERFEITO",2021,"Anais do Simpósio Brasileiro de Pesquisa Operacional","Galoa","https://doi.org/10.59254/sbpo-2021-131608","",149,"2025-09-04 18:46:49","proceedings-article","10.59254/sbpo-2021-131608","2965-1476","",,,,,0,0.00,0,2,4,"","",""
0,"Harrison Felipe Sanches Machado, Leandro Resendo","ILP, Algoritmo Genético e Caminho Mínimo para o Roteamento e Alocação de Espectro em Redes Ópticas Elásticas e suas Probabilidades de Bloqueio",2021,"Anais do Simpósio Brasileiro de Pesquisa Operacional","Galoa","https://doi.org/10.59254/sbpo-2021-131450","",150,"2025-09-04 18:46:49","proceedings-article","10.59254/sbpo-2021-131450","2965-1476","",,,,,0,0.00,0,2,4,"","",""
0,"Annibal Parracho Sant'Anna, Luiz Octávio Gavião, Tiago Seigneur Lezan","CPP-Tri na Classificação de Propostas de Colaboração Premiada",2021,"Anais do Simpósio Brasileiro de Pesquisa Operacional","Galoa","https://doi.org/10.59254/sbpo-2021-131502","",151,"2025-09-04 18:46:49","proceedings-article","10.59254/sbpo-2021-131502","2965-1476","",,,,,0,0.00,0,3,4,"","",""
0,"Maria Luíza Da Silva, Mateus Müller Franco","O USO COMBINADO DO VALUE-FOCUSED THINKING E DO MÉTODO FITRADEOFF PARA PRIORIZAÇÃO DE SISTEMAS DE INFORMAÇÃO EM GERENCIAMENTO DE PROJETOS",2021,"Anais do Simpósio Brasileiro de Pesquisa Operacional","Galoa","https://doi.org/10.59254/sbpo-2021-131530","",152,"2025-09-04 18:46:49","proceedings-article","10.59254/sbpo-2021-131530","2965-1476","",,,,,0,0.00,0,2,4,"","",""
0,"Bárbara Lessa Vianna, Antonio Augusto Chaves, Tiago Tiburcio da Silva","BRKGA COMBINADO COM O MÉTODO Q-LEARNING PARA RESOLUÇÃO DO PROBLEMA DO CAIXEIRO VIAJANTE COM AGRUPAMENTOS EM FAMÍLIAS",2021,"Anais do Simpósio Brasileiro de Pesquisa Operacional","Galoa","https://doi.org/10.59254/sbpo-2021-131524","",153,"2025-09-04 18:46:49","proceedings-article","10.59254/sbpo-2021-131524","2965-1476","",,,,,0,0.00,0,3,4,"","",""
0,"Karina de Freitas Santos, Eli Angela Toso","MODELOS PARA LOCALIZAÇÃO DE UNIDADES DE ATENÇÃO BÁSICA DE SAÚDE: UMA REVISÃO BIBLIOGRÁFICA",2021,"Anais do Simpósio Brasileiro de Pesquisa Operacional","Galoa","https://doi.org/10.59254/sbpo-2021-131617","",154,"2025-09-04 18:46:49","proceedings-article","10.59254/sbpo-2021-131617","2965-1476","",,,,,0,0.00,0,2,4,"","",""
0,"Adriano Maniçoba da Silva, Rafaela Ferreira Maniçoba, Patrícia Seyffert","EFEITO DA COVID 19 EM CADEIAS DE SUPRIMENTO: UMA AGENDA DE PESQUISA COM PROJETOS DE REDE",2021,"Anais do Simpósio Brasileiro de Pesquisa Operacional","Galoa","https://doi.org/10.59254/sbpo-2021-131542","",155,"2025-09-04 18:46:49","proceedings-article","10.59254/sbpo-2021-131542","2965-1476","",,,,,0,0.00,0,3,4,"","",""
0,"Jéssica Diogo de Vasconcelos, Elisangela Martins de Sá, Sergio Ricardo de Souza","Projeto de Rede de uma Cadeia de Suprimentos Multiproduto, Capacitada e em Circuito Fechado",2021,"Anais do Simpósio Brasileiro de Pesquisa Operacional","Galoa","https://doi.org/10.59254/sbpo-2021-131645","",156,"2025-09-04 18:46:49","proceedings-article","10.59254/sbpo-2021-131645","2965-1476","",,,,,0,0.00,0,3,4,"","",""
0,"Deborah Laysa de Lima Oliveira, Maria Karoliny Costa Almeida, Matheus da Silva Andrade, Lucimário Gois de Oliveira Silva","USO DE UMA ABORDAGEM MULTICRITÉRIO PARA COMPOSIÇÃO DE UM ÍNDICE GERAL DE GESTÃO FINANCEIRA DOS MUNICÍPIOS DO ESTADO DE PERNAMBUCO",2021,"Anais do Simpósio Brasileiro de Pesquisa Operacional","Galoa","https://doi.org/10.59254/sbpo-2021-131540","",157,"2025-09-04 18:46:49","proceedings-article","10.59254/sbpo-2021-131540","2965-1476","",,,,,0,0.00,0,4,4,"","",""
0,"Daniel Felisberto Traciná Filho, Claudia Marcela Justel","SOBRE ÁRVORES BROOM DE TIPO 2",2021,"Anais do Simpósio Brasileiro de Pesquisa Operacional","Galoa","https://doi.org/10.59254/sbpo-2021-131532","",158,"2025-09-04 18:46:49","proceedings-article","10.59254/sbpo-2021-131532","2965-1476","",,,,,0,0.00,0,2,4,"","",""
0,"Pablo Luiz Braga Soares, José Arimateia Fabricio de Castro Filho","HEURÍSTICA PROBABILÍSTICA GUIADA PELOS POTENCIAIS DO VÉRTICES PARA O PROBLEMA DO CORTE MÁXIMO",2021,"Anais do Simpósio Brasileiro de Pesquisa Operacional","Galoa","https://doi.org/10.59254/sbpo-2021-131503","",159,"2025-09-04 18:46:49","proceedings-article","10.59254/sbpo-2021-131503","2965-1476","",,,,,0,0.00,0,2,4,"","",""
0,"Natália Boff Medeiros, Flavio Sanson Fogliatto, Miriam Karla Rocha","PREVISÃO DE TEMPO DE PERMANÊNCIA DE PACIENTES PEDIÁTRICOS EM AMBIENTES PSIQUIÁTRICOS: UMA ANÁLISE MULTICÊNTRICA",2021,"Anais do Simpósio Brasileiro de Pesquisa Operacional","Galoa","https://doi.org/10.59254/sbpo-2021-131506","",160,"2025-09-04 18:46:49","proceedings-article","10.59254/sbpo-2021-131506","2965-1476","",,,,,0,0.00,0,3,4,"","",""
0,"João Marcos Pereira Silva, Eduardo Uchoa Barboza, Renata del Vecchio","Algoritmos Branch-Cut-and-Price para o Problema do Caixeiro Viajante Colorido",2021,"Anais do Simpósio Brasileiro de Pesquisa Operacional","Galoa","https://doi.org/10.59254/sbpo-2021-131548","",161,"2025-09-04 18:46:49","proceedings-article","10.59254/sbpo-2021-131548","2965-1476","",,,,,0,0.00,0,3,4,"","",""
0,"Igor de Oliveira Mattos, Marcela A Guerreiro Machado","Novos gráficos de controle ATTRIVAR para o monitoramento da média de processos univariados",2021,"Anais do Simpósio Brasileiro de Pesquisa Operacional","Galoa","https://doi.org/10.59254/sbpo-2021-131573","",162,"2025-09-04 18:46:49","proceedings-article","10.59254/sbpo-2021-131573","2965-1476","",,,,,0,0.00,0,2,4,"","",""
0,"Igor Pinheiro de Araújo Costa, Isaque David Pereira de Almeida, José Victor de Pina Corriça, Carlos Francisco Simões Gomes, Marcos Santos","Estudo para apoio da alta Administração Naval com o direcionamento na Descentralização do Poder Naval: Estruturação e modelagem matemática à luz do método híbrido ELECTRE-MOr",2021,"Anais do Simpósio Brasileiro de Pesquisa Operacional","Galoa","https://doi.org/10.59254/sbpo-2021-131351","",163,"2025-09-04 18:46:49","proceedings-article","10.59254/sbpo-2021-131351","2965-1476","",,,,,0,0.00,0,5,4,"","",""
0,"Matheus Cagido, Gustavo Melo, Fernando Cyrino, Erick Meira","Previsão de séries de geração eólica no Nordeste brasileiro por meio de algoritmos de Bagging",2021,"Anais do Simpósio Brasileiro de Pesquisa Operacional","Galoa","https://doi.org/10.59254/sbpo-2021-131365","",164,"2025-09-04 18:46:49","proceedings-article","10.59254/sbpo-2021-131365","2965-1476","",,,,,0,0.00,0,4,4,"","",""
0,"Marcos Tadeu Barros de Oliveira, Elisa Oliveira, Patrícia de Sousa Oliveira Silva, André Luís Marques Marcato, Giovani Junqueira","PROJEÇÕES DE DISPONIBILIDADE DE USINAS HIDROELÉTRICAS ATRAVÉS DE SIMULAÇÃO DE MONTE CARLO",2021,"Anais do Simpósio Brasileiro de Pesquisa Operacional","Galoa","https://doi.org/10.59254/sbpo-2021-131566","",165,"2025-09-04 18:46:49","proceedings-article","10.59254/sbpo-2021-131566","2965-1476","",,,,,0,0.00,0,5,4,"","",""
0,"Tacildo de Souza Araújo, Cristiano Torezzan","Using rank information to estimate missing values in data matrices",2021,"Anais do Simpósio Brasileiro de Pesquisa Operacional","Galoa","https://doi.org/10.59254/sbpo-2021-131579","",166,"2025-09-04 18:46:49","proceedings-article","10.59254/sbpo-2021-131579","2965-1476","",,,,,0,0.00,0,2,4,"","",""
0,"Michelle Borges Botelho, Marcel Magno Dias Rodrigues, Leandro Resendo","VNS para Otimização da Logística de Movimentações em um Pátio de Placas de Aço.",2021,"Anais do Simpósio Brasileiro de Pesquisa Operacional","Galoa","https://doi.org/10.59254/sbpo-2021-131399","",167,"2025-09-04 18:46:49","proceedings-article","10.59254/sbpo-2021-131399","2965-1476","",,,,,0,0.00,0,3,4,"","",""
0,"Caio Paziani Tomazella, Maristela Oliveira dos Santos","MIP-Heuristics for the Integrated Lot-Sizing and Supplier Selection Problem with Perishability",2021,"Anais do Simpósio Brasileiro de Pesquisa Operacional","Galoa","https://doi.org/10.59254/sbpo-2021-131470","",168,"2025-09-04 18:46:49","proceedings-article","10.59254/sbpo-2021-131470","2965-1476","",,,,,0,0.00,0,2,4,"","",""
0,"Aline Aparecida Souza Leão, Franklina Toledo","Enhanced solution for the irregular strip packing problem: valid inequalities and branching priorities",2021,"Anais do Simpósio Brasileiro de Pesquisa Operacional","Galoa","https://doi.org/10.59254/sbpo-2021-131427","",169,"2025-09-04 18:46:49","proceedings-article","10.59254/sbpo-2021-131427","2965-1476","",,,,,0,0.00,0,2,4,"","",""
0,"Davi Gomes Florencio, Atílio Gomes Luiz","Limites superiores para a rotulação-L(3,2,1) de grafos com grau máximo três",2021,"Anais do Simpósio Brasileiro de Pesquisa Operacional","Galoa","https://doi.org/10.59254/sbpo-2021-131480","",170,"2025-09-04 18:46:49","proceedings-article","10.59254/sbpo-2021-131480","2965-1476","",,,,,0,0.00,0,2,4,"","",""
0,"Davi Rodrigues, Fábio Luiz Usberti, Celso Cavellucci","UMA GENERALIZAÇÃO DO PROBLEMA DO CAIXEIRO VIAJANTE COM COBERTURA",2021,"Anais do Simpósio Brasileiro de Pesquisa Operacional","Galoa","https://doi.org/10.59254/sbpo-2021-131516","",171,"2025-09-04 18:46:49","proceedings-article","10.59254/sbpo-2021-131516","2965-1476","",,,,,0,0.00,0,3,4,"","",""
0,"Leandro Alves da Silva, Linda Lee Ho, Roberto Costa Quinino","MONITORAMENTO DA VARIABILIDADE BASEADA EM INSPEÇOES POR ATRIBUTOS: EXPLORANDO AS CARACTERÍSTICAS DO GRÁFICO DE CONTROLE npx",2021,"Anais do Simpósio Brasileiro de Pesquisa Operacional","Galoa","https://doi.org/10.59254/sbpo-2021-131504","",172,"2025-09-04 18:46:49","proceedings-article","10.59254/sbpo-2021-131504","2965-1476","",,,,,0,0.00,0,3,4,"","",""
0,"Soraya Quaresma Santos, Thiago Silva, Alexandre Xavier Martins","PROBLEMA INTEGRADO DE AJUSTE DE FLUXO DE CAIXA E SEQUENCIAMENTO DE PROJETOS",2021,"Anais do Simpósio Brasileiro de Pesquisa Operacional","Galoa","https://doi.org/10.59254/sbpo-2021-131572","",173,"2025-09-04 18:46:49","proceedings-article","10.59254/sbpo-2021-131572","2965-1476","",,,,,0,0.00,0,3,4,"","",""
0,"Jair Agner Júnior, Mauricio José Machado Guedes, Ernesto Rademaker Martins","VALIDAÇÃO NO MAR DE ENVELOPE DE VENTO CANDIDATO",2021,"Anais do Simpósio Brasileiro de Pesquisa Operacional","Galoa","https://doi.org/10.59254/sbpo-2021-131385","",174,"2025-09-04 18:46:49","proceedings-article","10.59254/sbpo-2021-131385","2965-1476","",,,,,0,0.00,0,3,4,"","",""
0,"Marcelo Rodrigo da Silva, Alexandre Leoneti, Dmitry Gimon, José Geraldo Vidal Vieira","PERFORMANCE COMPARISON BETWEEN A STATIC AND DYNAMIC UTILITY FUNCTION WITHIN A SEQUENTIAL GROUP DECISION-MAKING EXPERIMENT",2021,"Anais do Simpósio Brasileiro de Pesquisa Operacional","Galoa","https://doi.org/10.59254/sbpo-2021-131472","",175,"2025-09-04 18:46:49","proceedings-article","10.59254/sbpo-2021-131472","2965-1476","",,,,,0,0.00,0,4,4,"","",""
0,"Tiago Rafael Amaral Reis, João Victor Mendes Freire, Mário César San Felice, Pedro Henrique del Bianco Hokama","Redes Neurais Competitivas para o Problema Online do Escalonamento",2021,"Anais do Simpósio Brasileiro de Pesquisa Operacional","Galoa","https://doi.org/10.59254/sbpo-2021-131613","",176,"2025-09-04 18:46:49","proceedings-article","10.59254/sbpo-2021-131613","2965-1476","",,,,,0,0.00,0,4,4,"","",""
0,"Cláudio Luiz Baêta, Julio Alberto Godofredo, Leandro Magatão, Ricardo Lüders","Reconfiguração Dinâmica de uma Linha Robótica de Modelo Misto com Impacto Reduzido no Tempo de Ciclo",2021,"Anais do Simpósio Brasileiro de Pesquisa Operacional","Galoa","https://doi.org/10.59254/sbpo-2021-131510","",177,"2025-09-04 18:46:49","proceedings-article","10.59254/sbpo-2021-131510","2965-1476","",,,,,0,0.00,0,4,4,"","",""
0,"Alexandre Leoneti, Luiz Flavio Autran Monteiro Gomes","ANÁLISE EMPÍRICA SOBRE A ADERÊNCIA DE DIFERENTES FUNÇÕES DE VALOR DO MÉTODO TODIM À TEORIA DOS PROSPECTOS",2021,"Anais do Simpósio Brasileiro de Pesquisa Operacional","Galoa","https://doi.org/10.59254/sbpo-2021-131379","",178,"2025-09-04 18:46:49","proceedings-article","10.59254/sbpo-2021-131379","2965-1476","",,,,,0,0.00,0,2,4,"","",""
0,"Renata Pelissari, Alvaro José Abakerli, Leonardo Tomazeli Duarte","Identificação dos parâmetros da integral de Choquet para problemas de classificação multicritério",2021,"Anais do Simpósio Brasileiro de Pesquisa Operacional","Galoa","https://doi.org/10.59254/sbpo-2021-131513","",179,"2025-09-04 18:46:49","proceedings-article","10.59254/sbpo-2021-131513","2965-1476","",,,,,0,0.00,0,3,4,"","",""
0,"Jéssica Machado de Souza, José Antonio de Queiroz, Carlos Henrique dos Santos, José Arnaldo Barra Montevechi","USO DA SIMULAÇÃO INTEGRADA AOS CONCEITOS ENXUTOS VISANDO MELHORAR O DESEMPENHO DE UM PROCESSO NO SETOR PÚBLICO FEDERAL",2021,"Anais do Simpósio Brasileiro de Pesquisa Operacional","Galoa","https://doi.org/10.59254/sbpo-2021-131352","",180,"2025-09-04 18:46:49","proceedings-article","10.59254/sbpo-2021-131352","2965-1476","",,,,,0,0.00,0,4,4,"","",""
0,"Miguel Ângelo Lellis Moreira, Carlos Francisco Simões Gomes, Marcos Santos","SAPEVO-H² Abordagem Multicritério Baseada em Estrutura Hierárquica: Análise de SARP para a Marinha do Brasil",2021,"Anais do Simpósio Brasileiro de Pesquisa Operacional","Galoa","https://doi.org/10.59254/sbpo-2021-131446","",181,"2025-09-04 18:46:49","proceedings-article","10.59254/sbpo-2021-131446","2965-1476","",,,,,0,0.00,0,3,4,"","",""
0,"Thaís Evelin Santos de Oliveira, Eduarda Frej, Leonardo Antonio Monteiro Pessôa","Aplicação do método FITradeoff em apoio à definição de objeto em licitações",2021,"Anais do Simpósio Brasileiro de Pesquisa Operacional","Galoa","https://doi.org/10.59254/sbpo-2021-131436","",182,"2025-09-04 18:46:49","proceedings-article","10.59254/sbpo-2021-131436","2965-1476","",,,,,0,0.00,0,3,4,"","",""
0,"Flavio Leite Rodrigues, Lucas Araújo dos Santos, Ricardo Pires","ABORDAGEM MULTICRITÉRIO PARA LOCALIZAÇÃO DE UM CENTRO DE QUÍMICA FORENSE NA REGIÃO NORDESTE DO BRASIL",2021,"Anais do Simpósio Brasileiro de Pesquisa Operacional","Galoa","https://doi.org/10.59254/sbpo-2021-131386","",183,"2025-09-04 18:46:49","proceedings-article","10.59254/sbpo-2021-131386","2965-1476","",,,,,0,0.00,0,3,4,"","",""
0,"Igor Pinheiro de Araújo Costa, Arthur Pinheiro de Araújo Costa, José Victor de Pina Corriça, Carlos Francisco Simões Gomes, Marcos Santos","Estudo bibliométrico sobre métodos de Apoio Multicritério à Decisão aplicados em problemas militares",2021,"Anais do Simpósio Brasileiro de Pesquisa Operacional","Galoa","https://doi.org/10.59254/sbpo-2021-131353","",184,"2025-09-04 18:46:49","proceedings-article","10.59254/sbpo-2021-131353","2965-1476","",,,,,0,0.00,0,5,4,"","",""
0,"Daniele Darlane de Souza Lima, Marina Dantas de Oliveira Duarte","Aplicação do Método FITradeoff ao Processo de Desenvolvimento de Produtos",2021,"Anais do Simpósio Brasileiro de Pesquisa Operacional","Galoa","https://doi.org/10.59254/sbpo-2021-131509","",185,"2025-09-04 18:46:49","proceedings-article","10.59254/sbpo-2021-131509","2965-1476","",,,,,0,0.00,0,2,4,"","",""
0,"Fernanda Yuka Ueno, Maristela Oliveira dos Santos, Marcos Mansano Furlan","Heurísticas de decomposição para o problema de dimensionamento de lotes com múltiplas plantas",2021,"Anais do Simpósio Brasileiro de Pesquisa Operacional","Galoa","https://doi.org/10.59254/sbpo-2021-131403","",186,"2025-09-04 18:46:49","proceedings-article","10.59254/sbpo-2021-131403","2965-1476","",,,,,0,0.00,0,3,4,"","",""
0,"Lorrany Cristina da Silva, André Carlos Ponce de Leon Ferreira Carvalho, Maristela Oliveira dos Santos","COMPARAÇÃO DE FORMULAÇÕES MATEMÁTICAS PARA O PROBLEMA DE POUSO DE AERONAVES",2021,"Anais do Simpósio Brasileiro de Pesquisa Operacional","Galoa","https://doi.org/10.59254/sbpo-2021-131500","",187,"2025-09-04 18:46:49","proceedings-article","10.59254/sbpo-2021-131500","2965-1476","",,,,,0,0.00,0,3,4,"","",""
0,"Natanael Salgado Coutinho, Angela Costa, Rafael Sposito, Luiz Silva, Thiago Euzébio, Luciano Perdigão Cota","Sistema de suporte à decisão para a blendagem de minério e alocação de equipamentos de carga em uma mina de cobre",2021,"Anais do Simpósio Brasileiro de Pesquisa Operacional","Galoa","https://doi.org/10.59254/sbpo-2021-131451","",188,"2025-09-04 18:46:49","proceedings-article","10.59254/sbpo-2021-131451","2965-1476","",,,,,0,0.00,0,6,4,"","",""
0,"Nayane Carvalho Freitas, Elisangela Martins de Sá, Marcone Jamilson Freitas Souza","ALGORITMO ILS APLICADO AO PROBLEMA DE LOCALIZAÇÃO DE CONCENTRADORES COM CUSTO FIXO E ECONOMIA DE ESCALA VARIÁVEL",2021,"Anais do Simpósio Brasileiro de Pesquisa Operacional","Galoa","https://doi.org/10.59254/sbpo-2021-131493","",189,"2025-09-04 18:46:49","proceedings-article","10.59254/sbpo-2021-131493","2965-1476","",,,,,0,0.00,0,3,4,"","",""
0,"Ademir Constantino, Daniel Kikuti, Alan Clappis, Flávio Baía","INVESTIGAÇÃO DE MODELOS DE PROGRAMAÇÃO MATEMÁTICA PARA DISTRIBUIÇÃO DE DISCIPLINAS A PROFESSORES",2021,"Anais do Simpósio Brasileiro de Pesquisa Operacional","Galoa","https://doi.org/10.59254/sbpo-2021-131499","",190,"2025-09-04 18:46:49","proceedings-article","10.59254/sbpo-2021-131499","2965-1476","",,,,,0,0.00,0,4,4,"","",""
0,"Júlia Barros dos Santos, Andreza de Aguiar Hugo, Afonso Teberga Campos, Alexandre Ferreira de Pinho, Josiane Palma Lima, Renato da Silva Lima","ANÁLISE DE UM PRONTO ATENDIMENTO DEDICADO AO TRATAMENTO DE COVID-19 POR MEIO DE UM MODELO DE SIMULAÇÃO HÍBRIDA",2021,"Anais do Simpósio Brasileiro de Pesquisa Operacional","Galoa","https://doi.org/10.59254/sbpo-2021-131374","",191,"2025-09-04 18:46:49","proceedings-article","10.59254/sbpo-2021-131374","2965-1476","",,,,,0,0.00,0,6,4,"","",""
0,"Victor Andrade de Almeida, José Francisco Pessanha, Albert Melo, Maria Elvira Piñeiro Maceira","MODELAGEM DA RELAÇÃO MENSAL ENTRE VELOCIDADE DE VENTO E PRODUÇÃO EÓLICA NO MODELO NEWAVE",2021,"Anais do Simpósio Brasileiro de Pesquisa Operacional","Galoa","https://doi.org/10.59254/sbpo-2021-131543","",192,"2025-09-04 18:46:49","proceedings-article","10.59254/sbpo-2021-131543","2965-1476","",,,,,0,0.00,0,4,4,"","",""
0,"Gustavo Teodoro Gabriel, Afonso Teberga Campos, José Arnaldo Barra Montevechi, Fabiano Leal","GENERATIVE ADIVERSARIAL NETWORKS TO VALIDATE DATA IN DISCRETE EVENT SIMULATION",2021,"Anais do Simpósio Brasileiro de Pesquisa Operacional","Galoa","https://doi.org/10.59254/sbpo-2021-131466","",193,"2025-09-04 18:46:49","proceedings-article","10.59254/sbpo-2021-131466","2965-1476","",,,,,0,0.00,0,4,4,"","",""
0,"Wendel Melo, Marcia Fampa, Fernanda Maria Pereira","Arredondamento Estocástico Estruturado para Programação Inteira 0-1 Mista",2021,"Anais do Simpósio Brasileiro de Pesquisa Operacional","Galoa","https://doi.org/10.59254/sbpo-2021-131432","",194,"2025-09-04 18:46:49","proceedings-article","10.59254/sbpo-2021-131432","2965-1476","",,,,,0,0.00,0,3,4,"","",""
0,"Vinicius de Lira Teixeira, Julio Carlos Teixeira, Thadeu Carneiro da Silva","MODELAGEM DA CURVA DE POTÊNCIA DE UM AEROGERADOR COM ALGORITMOS GENETICOS A PARTIR DE DADOS DO SCADA",2021,"Anais do Simpósio Brasileiro de Pesquisa Operacional","Galoa","https://doi.org/10.59254/sbpo-2021-131387","",195,"2025-09-04 18:46:49","proceedings-article","10.59254/sbpo-2021-131387","2965-1476","",,,,,0,0.00,0,3,4,"","",""
0,"Felipe Barbosa dos Santos, Marcos Santos","SELEÇÃO DE SISTEMA DE TELECOMUNICAÇÕES PARA O CORPO DE FUZILEIROS NAVAIS UTILIZANDO O MÉTODO PrOPPAGA",2021,"Anais do Simpósio Brasileiro de Pesquisa Operacional","Galoa","https://doi.org/10.59254/sbpo-2021-131596","",196,"2025-09-04 18:46:49","proceedings-article","10.59254/sbpo-2021-131596","2965-1476","",,,,,0,0.00,0,2,4,"","",""
0,"Kleyton Vieira Sales da Costa, Felipe Leite Coelho da Silva, Josiane Cordeiro","Time Series Models Combination for Forecasting Quarterly GDP Components by the Expenditure Side",2021,"Anais do Simpósio Brasileiro de Pesquisa Operacional","Galoa","https://doi.org/10.59254/sbpo-2021-131469","",197,"2025-09-04 18:46:49","proceedings-article","10.59254/sbpo-2021-131469","2965-1476","",,,,,0,0.00,0,3,4,"","",""
0,"Romário dos Santos Lopes de Assis, Marcos Vinícius Andrade de Campos, Marcone Jamilson Freitas Souza, Maria Amélia Lopes Silva, Eduardo Camargo de Siqueira, Sergio Ricardo de Souza","Um algoritmo Iterated Greedy Search para o Problema de Localização de Mamógrafos com atendimento parcial",2021,"Anais do Simpósio Brasileiro de Pesquisa Operacional","Galoa","https://doi.org/10.59254/sbpo-2021-131657","",198,"2025-09-04 18:46:49","proceedings-article","10.59254/sbpo-2021-131657","2965-1476","",,,,,0,0.00,0,6,4,"","",""
0,"Emivan Ferreira da Silva, Mauro V. da Silva Silva, Tatiana Rondon Viegas da Silva, Franciele Nates dos Santos, Márcia Cristina Dal Toé","A RELAÇÃO DO PIB COM EFICIÊNCIA DE ALGUNS MUNICÍPIOS DE MATO GROSSO EM RELAÇÃO À EDUCAÇÃO POR MEIO DA ANÁLISE ENVOLTÓRIA DE DADOS",2021,"Anais do Simpósio Brasileiro de Pesquisa Operacional","Galoa","https://doi.org/10.59254/sbpo-2021-131581","",199,"2025-09-04 18:46:49","proceedings-article","10.59254/sbpo-2021-131581","2965-1476","",,,,,0,0.00,0,5,4,"","",""
0,"Liana Ferreira Veloso, Anderson Lucas Carneiro de Lima da Silva, Ana Paula Cabral Seixas Costa","Estudo dos aspectos comportamentais inerentes ao procedimento de elicitação Tradeoff na perspectiva da Neurociência",2021,"Anais do Simpósio Brasileiro de Pesquisa Operacional","Galoa","https://doi.org/10.59254/sbpo-2021-131429","",200,"2025-09-04 18:46:49","proceedings-article","10.59254/sbpo-2021-131429","2965-1476","",,,,,0,0.00,0,3,4,"","",""
0,"Adryelle Sanae Julio, Jônatas Araújo de Almeida","SELEÇÃO DE CULTURAS AGRÍCOLAS ATRAVÉS DO MODELO MULTICRITÉRIO BASEADO NO FITRADEOFF EM UMA FAZENDA NO MATO GROSSO",2021,"Anais do Simpósio Brasileiro de Pesquisa Operacional","Galoa","https://doi.org/10.59254/sbpo-2021-131417","",201,"2025-09-04 18:46:49","proceedings-article","10.59254/sbpo-2021-131417","2965-1476","",,,,,0,0.00,0,2,4,"","",""
0,"Luiz Leduino de Salles Neto","Uma nota sobre a Conjectura de Goulimins: o número de padrões necessários em uma solução ótima de um Problema de Corte de Estoque",2021,"Anais do Simpósio Brasileiro de Pesquisa Operacional","Galoa","https://doi.org/10.59254/sbpo-2021-131571","",202,"2025-09-04 18:46:49","proceedings-article","10.59254/sbpo-2021-131571","2965-1476","",,,,,0,0.00,0,1,4,"","",""
0,"Vinícius Carrijo dos Santos, Regiane Máximo de Souza","Modelo de seleção de fornecedores de polvilho azedo utilizando o MACBETH",2021,"Anais do Simpósio Brasileiro de Pesquisa Operacional","Galoa","https://doi.org/10.59254/sbpo-2021-131394","",203,"2025-09-04 18:46:49","proceedings-article","10.59254/sbpo-2021-131394","2965-1476","",,,,,0,0.00,0,2,4,"","",""
0,"Jhonata Matias, Manoel Bezerra Campelo Neto","A linear programming approach to the minimum maximum flow degree problem",2021,"Anais do Simpósio Brasileiro de Pesquisa Operacional","Galoa","https://doi.org/10.59254/sbpo-2021-131449","",204,"2025-09-04 18:46:49","proceedings-article","10.59254/sbpo-2021-131449","2965-1476","",,,,,0,0.00,0,2,4,"","",""
0,"Javier Leonardo Pereira Retamales, Pedro Contreras, Danielle Morais, Pilar Arroyo-López","A PROMETHEE II AND WARPED K-MEANS APPROACH TO ORDERED CLUSTERING: APPLICATION TO THE GLOBAL HEALTH SECURITY INDEX",2021,"Anais do Simpósio Brasileiro de Pesquisa Operacional","Galoa","https://doi.org/10.59254/sbpo-2021-131605","",205,"2025-09-04 18:46:49","proceedings-article","10.59254/sbpo-2021-131605","2965-1476","",,,,,0,0.00,0,4,4,"","",""
0,"Felipe Tetsuo Yamada, Guilherme Dean Pelegrina, Leonardo Tomazeli Duarte","Relações entre equidade no processo de redução de dimensionalidade e equidade em tarefas de classificação",2021,"Anais do Simpósio Brasileiro de Pesquisa Operacional","Galoa","https://doi.org/10.59254/sbpo-2021-131604","",206,"2025-09-04 18:46:49","proceedings-article","10.59254/sbpo-2021-131604","2965-1476","",,,,,0,0.00,0,3,4,"","",""
0,"Rayara Oliveira, Danielle Morais","MODELO DE APOIO A DECISÃO PARA MOBILIDADE URBANA DE OLINDA-PE",2021,"Anais do Simpósio Brasileiro de Pesquisa Operacional","Galoa","https://doi.org/10.59254/sbpo-2021-131409","",207,"2025-09-04 18:46:49","proceedings-article","10.59254/sbpo-2021-131409","2965-1476","",,,,,0,0.00,0,2,4,"","",""
0,"Nuran Cihangir Martin, Bruno Fânzeres dos Santos","STOCHASTIC RISK-AVERSE MODELLING OF MARKET POWER IN SHORT-TERM ELECTRICITY MARKETS",2021,"Anais do Simpósio Brasileiro de Pesquisa Operacional","Galoa","https://doi.org/10.59254/sbpo-2021-131479","",208,"2025-09-04 18:46:49","proceedings-article","10.59254/sbpo-2021-131479","2965-1476","",,,,,0,0.00,0,2,4,"","",""
0,"Patrick Doglio, Marcos Roboredo, Artur Alves Pessoa","UMA NOVA FORMULAÇÃO E UM CONJUNTO DE DESIGUALDADES VÁLIDAS PARA O PROBLEMA DA COBERTURA MÁXIMA p-HUB COM ALOCAÇÃO SIMPLES E COBERTURA PARCIAL",2021,"Anais do Simpósio Brasileiro de Pesquisa Operacional","Galoa","https://doi.org/10.59254/sbpo-2021-131557","",209,"2025-09-04 18:46:49","proceedings-article","10.59254/sbpo-2021-131557","2965-1476","",,,,,0,0.00,0,3,4,"","",""
0,"Luiz Augusto Finger França Maluf, Luiz Leduino de Salles Neto, Renato Cesar Sato","OTIMIZAÇÃO DE CARTEIRAS SOB RESTRIÇÕES DE BACKTESTING SOBRE O VALOR EM RISCO (VaR): UMA ABORDAGEM SOBRE MODELOS COM COVARIÂNCIAS INCONDICIONAIS E MODELOS IGARCH MULTIVARIADOS",2021,"Anais do Simpósio Brasileiro de Pesquisa Operacional","Galoa","https://doi.org/10.59254/sbpo-2021-131440","",210,"2025-09-04 18:46:49","proceedings-article","10.59254/sbpo-2021-131440","2965-1476","",,,,,0,0.00,0,3,4,"","",""
0,"Felipe de Oliveira Simoyama, Leonardo Bacelar Lima Santos, Luiz Leduino de Salles Neto","Otimização De Redes Pluviométricas: Panorama De Uma Revisão Sistemática Da Literatura",2021,"Anais do Simpósio Brasileiro de Pesquisa Operacional","Galoa","https://doi.org/10.59254/sbpo-2021-131594","",211,"2025-09-04 18:46:49","proceedings-article","10.59254/sbpo-2021-131594","2965-1476","",,,,,0,0.00,0,3,4,"","",""
0,"Marcos Vinicius Milan Maciel, Marcio Luiz da Costa Limeira, Luciano Ferreira","UMA ABORDAGEM HEURÍSTICA PARA O PLANEJAMENTO DE ROTAS PARA PATRULHAS MARIA DA PENHA",2021,"Anais do Simpósio Brasileiro de Pesquisa Operacional","Galoa","https://doi.org/10.59254/sbpo-2021-131539","",212,"2025-09-04 18:46:49","proceedings-article","10.59254/sbpo-2021-131539","2965-1476","",,,,,0,0.00,0,3,4,"","",""
0,"Fabricio Alves Oliveira, Elisangela Martins de Sá, Marcone Jamilson Freitas Souza, Sergio Ricardo de Souza","ALGORITMO SMART ILS APLICADO AO PROBLEMA DE LOCALIZAÇÃO DE CONCENTRADORES COM MAXIMIZAÇÃO DO LUCRO",2021,"Anais do Simpósio Brasileiro de Pesquisa Operacional","Galoa","https://doi.org/10.59254/sbpo-2021-131643","",214,"2025-09-04 18:46:49","proceedings-article","10.59254/sbpo-2021-131643","2965-1476","",,,,,0,0.00,0,4,4,"","",""
0,"Daniel Porto Queiroz Carneiro, Álisson A. Cardoso, Flávio Henrique Teles Vieira","Escalonamento de Recursos em Sistema Multiportadora com Ondas Milimétricas Utilizando Aprendizado por Reforço Markoviano",2021,"Anais do Simpósio Brasileiro de Pesquisa Operacional","Galoa","https://doi.org/10.59254/sbpo-2021-131373","",215,"2025-09-04 18:46:49","proceedings-article","10.59254/sbpo-2021-131373","2965-1476","",,,,,0,0.00,0,3,4,"","",""
0,"Petra Bartmeyer, Aline Aparecida Souza Leão, Franklina Toledo, Larissa Tebaldi de Oliveira","Aprendizado por reforço aplicado ao problema de empacotamento de peças irregulares em faixas",2021,"Anais do Simpósio Brasileiro de Pesquisa Operacional","Galoa","https://doi.org/10.59254/sbpo-2021-131382","",216,"2025-09-04 18:46:49","proceedings-article","10.59254/sbpo-2021-131382","2965-1476","",,,,,0,0.00,0,4,4,"","",""
0,"Nilton Trindade Herthel Junior, Elba Maria Quirino de Almeida, Ádisson Matheus Paiva Ribeiro Téjo, Thiago Gouveia","Meta-heurı́sticas Aplicadas ao Perfilamento de Acesso Indevido a Sistemas Governamentais",2021,"Anais do Simpósio Brasileiro de Pesquisa Operacional","Galoa","https://doi.org/10.59254/sbpo-2021-131620","",217,"2025-09-04 18:46:49","proceedings-article","10.59254/sbpo-2021-131620","2965-1476","",,,,,0,0.00,0,4,4,"","",""
0,"Adryelle Sanae Julio, Jônatas Araújo de Almeida","SELEÇÃO DE PROJETOS DE MICROGERAÇÃO DE ENERGIA FOTOVOLTAICA ATRAVÉS DE UM MODELO MULTICRITÉRIO EM UMA MICROEMPRESA EM CUIABÁ-MT",2021,"Anais do Simpósio Brasileiro de Pesquisa Operacional","Galoa","https://doi.org/10.59254/sbpo-2021-131366","",218,"2025-09-04 18:46:49","proceedings-article","10.59254/sbpo-2021-131366","2965-1476","",,,,,0,0.00,0,2,4,"","",""
0,"Jefferson Souza Medeiros, Ana Paula Cabral Seixas Costa, Anderson Lucas Carneiro de Lima da Silva","USO DE ELETROENCEFALOGRAMA (EEG) PARA ESTUDO COMPARATIVO ENTRE FITRADEOFF E ATIVIDADES DE CÁLCULO E MÚSICA",2021,"Anais do Simpósio Brasileiro de Pesquisa Operacional","Galoa","https://doi.org/10.59254/sbpo-2021-131549","",219,"2025-09-04 18:46:49","proceedings-article","10.59254/sbpo-2021-131549","2965-1476","",,,,,0,0.00,0,3,4,"","",""
0,"Maiko Saturnino Cabral de Oliveira, Ana Flávia Alves dos Santos, Amanda Assis, Amanda Braga Marques, Jéssyca de Gonçalves, Ricardo Pires, Flavio Leite Rodrigues","Modelo de decisão multicritério para seleção de empresas em uma incubadora vinculada à Universidade Federal do Rio Grande do Norte",2021,"Anais do Simpósio Brasileiro de Pesquisa Operacional","Galoa","https://doi.org/10.59254/sbpo-2021-131411","",220,"2025-09-04 18:46:49","proceedings-article","10.59254/sbpo-2021-131411","2965-1476","",,,,,0,0.00,0,7,4,"","",""
0,"Otávio Augusto Souza Rosa, Patrick Moreira Rosa, Jéssica Natália Miranda Paiva, Puca Huachi Vaz Penna, Marcone Jamilson Freitas Souza","Um algoritmo heurístico baseado em Iterated Greedy para o Problema de Roteamento de Unidades Móveis de Mamografia",2021,"Anais do Simpósio Brasileiro de Pesquisa Operacional","Galoa","https://doi.org/10.59254/sbpo-2021-131471","",221,"2025-09-04 18:46:49","proceedings-article","10.59254/sbpo-2021-131471","2965-1476","",,,,,0,0.00,0,5,4,"","",""
0,"Gustavo Melo, Paula Maçaira, Fernando Cyrino, Alessandro Soares da Silva Junior","Simulação de geração multivariada de renováveis via cadeias de Markov",2021,"Anais do Simpósio Brasileiro de Pesquisa Operacional","Galoa","https://doi.org/10.59254/sbpo-2021-131558","",222,"2025-09-04 18:46:49","proceedings-article","10.59254/sbpo-2021-131558","2965-1476","",,,,,0,0.00,0,4,4,"","",""
0,"Alexandre Guilherme Rodrigues Varella, Ana Flávia Alves dos Santos, Maiko Saturnino Cabral de Oliveira, Talita Dias Chagas Frazão, Ricardo Pires","MODELO DE DECISÃO MULTICRITÉRIO PARA AVALIAÇÃO DE DESEMPENHO DE MOTORISTAS: ESTUDO DE CASO DE UMA EMPRESA DE TRANSPORTE LOGÍSTICO",2021,"Anais do Simpósio Brasileiro de Pesquisa Operacional","Galoa","https://doi.org/10.59254/sbpo-2021-131392","",223,"2025-09-04 18:46:49","proceedings-article","10.59254/sbpo-2021-131392","2965-1476","",,,,,0,0.00,0,5,4,"","",""
0,"Matheus Andrade, Fábio Luiz Usberti, Rafael Kendy Arakaki","Routing Vehicles for Dengue Control",2021,"Anais do Simpósio Brasileiro de Pesquisa Operacional","Galoa","https://doi.org/10.59254/sbpo-2021-131456","",224,"2025-09-04 18:46:49","proceedings-article","10.59254/sbpo-2021-131456","2965-1476","",,,,,0,0.00,0,3,4,"","",""
0,"Rodolfo Luiz Mendonça Sales, Anderson Tadeu de Oliveira Vicente, Edmilson Marmo Moreira","ALGORTIMO BASEADO NO HARMONY SEARCH E NA REPRESENTAÇÃO PTbR PARA O PROBLEMA DE FLUXO DE CUSTO MÍNIMO COM INCERTEZAS",2021,"Anais do Simpósio Brasileiro de Pesquisa Operacional","Galoa","https://doi.org/10.59254/sbpo-2021-131512","",225,"2025-09-04 18:46:49","proceedings-article","10.59254/sbpo-2021-131512","2965-1476","",,,,,0,0.00,0,3,4,"","",""
0,"Gustavo Rocha Saboia Junior, Lidia Angulo Meza","Avaliação de Eficiência de Filiais de Varejo Alimentício por meio de Análise Envoltória de Dados",2021,"Anais do Simpósio Brasileiro de Pesquisa Operacional","Galoa","https://doi.org/10.59254/sbpo-2021-131421","",226,"2025-09-04 18:46:49","proceedings-article","10.59254/sbpo-2021-131421","2965-1476","",,,,,0,0.00,0,2,4,"","",""
0,"Gabriel Hellen de Sousa, Manoel Bezerra Campelo Neto","AN ENUMERATIVE ALGORITHM FOR THE MINIMUM WEIGHT t-SPANNER TREE PROBLEM",2021,"Anais do Simpósio Brasileiro de Pesquisa Operacional","Galoa","https://doi.org/10.59254/sbpo-2021-131507","",227,"2025-09-04 18:46:49","proceedings-article","10.59254/sbpo-2021-131507","2965-1476","",,,,,0,0.00,0,2,4,"","",""
0,"José Francisco Pessanha, Victor Andrade de Almeida","AJUSTE SAZONAL DIÁRIO NO CÁLCULO DE SÉRIES TEMPORAIS DE CARGA ELÉTRICA LIVRES DOS EFEITOS CALENDÁRIO E TEMPERATURA",2021,"Anais do Simpósio Brasileiro de Pesquisa Operacional","Galoa","https://doi.org/10.59254/sbpo-2021-131632","",228,"2025-09-04 18:46:49","proceedings-article","10.59254/sbpo-2021-131632","2965-1476","",,,,,0,0.00,0,2,4,"","",""
0,"Cristiano Rodrigues Ferreira Costa, Hévilla Souza Oliveira, Adryelle Sanae Julio, Jônatas Araújo de Almeida","Modelo para priorização na alocação de recursos federais para projetos em andamento de infraestrutura",2021,"Anais do Simpósio Brasileiro de Pesquisa Operacional","Galoa","https://doi.org/10.59254/sbpo-2021-131418","",229,"2025-09-04 18:46:49","proceedings-article","10.59254/sbpo-2021-131418","2965-1476","",,,,,0,0.00,0,4,4,"","",""
0,"Milena Wanderley Cyreno, Lucia Reis Roselli, Adiel T. de Almeida","Aplicação do FITradeoff em uma Problemática de Escolha no Contexto da Logística Reversa em Atacados",2021,"Anais do Simpósio Brasileiro de Pesquisa Operacional","Galoa","https://doi.org/10.59254/sbpo-2021-131665","",230,"2025-09-04 18:46:49","proceedings-article","10.59254/sbpo-2021-131665","2965-1476","",,,,,0,0.00,0,3,4,"","",""
0,"Geovani da Silva Lopes, Marianna Lucinda de Oliveira, Patrícia da Silva Lopes Alexandrino, Josiane Palma Lima, Sebastião Simoes da Cunha Junior","PROPOSIÇÃO DE ALOCAÇÃO DE TÉCNICOS PARA MANUTENÇÃO DE COMPONENTES MECÂNICOS DE AERONAVES DE PÁS ROTATIVAS",2021,"Anais do Simpósio Brasileiro de Pesquisa Operacional","Galoa","https://doi.org/10.59254/sbpo-2021-131448","",231,"2025-09-04 18:46:49","proceedings-article","10.59254/sbpo-2021-131448","2965-1476","",,,,,0,0.00,0,5,4,"","",""
0,"Letícia Dias, Maristela Oliveira dos Santos, Émerson Yoshiaki Okano, Mariá C. V. Nascimento","Modelo matemático para a determinação de kits cirúrgicos padronizados",2021,"Anais do Simpósio Brasileiro de Pesquisa Operacional","Galoa","https://doi.org/10.59254/sbpo-2021-131517","",232,"2025-09-04 18:46:49","proceedings-article","10.59254/sbpo-2021-131517","2965-1476","",,,,,0,0.00,0,4,4,"","",""
0,"Evanielle Barbosa Ferreira, Lucia Reis Roselli, Adiel T. de Almeida","USO DO VFT PARA ESTRUTURAÇÃO DE PROBLEMA DE SELEÇÃO DE INVERSORES DE SISTEMA DE ENERGIA SOLAR",2021,"Anais do Simpósio Brasileiro de Pesquisa Operacional","Galoa","https://doi.org/10.59254/sbpo-2021-131485","",233,"2025-09-04 18:46:49","proceedings-article","10.59254/sbpo-2021-131485","2965-1476","",,,,,0,0.00,0,3,4,"","",""
